timestamp,oil_temp,winding_temp,current,vibration,oil_level
2026-04-12 11:03:21,24.5,24.75,0.0,0.106,55.1
2026-04-12 11:03:23,24.5,24.75,0.0,0.047,55.1
2026-04-12 11:03:25,24.5,24.75,0.0,0.058,55.1
2026-04-12 11:03:27,24.5,24.75,0.0,0.084,55.1
2026-04-12 11:03:29,24.5,24.75,1.616,0.169,55.1
2026-04-12 11:03:31,24.5,24.75,1.567,0.121,55.1
2026-04-12 11:03:33,24.5,24.75,1.594,0.109,55.1
2026-04-12 11:03:35,24.5,24.5,1.601,0.134,55.1
2026-04-12 11:03:37,24.5,24.5,1.556,0.103,55.1
2026-04-12 11:03:39,24.5,24.75,1.536,0.117,55.1
2026-04-12 11:03:41,24.5,24.75,1.559,0.118,55.1
2026-04-12 11:03:43,24.5,24.75,1.567,0.088,55.1
2026-04-12 11:03:45,24.5,24.75,1.549,0.154,55.1
2026-04-12 11:03:47,24.5,24.75,1.552,0.117,55.1
2026-04-12 11:03:49,24.5,24.75,1.577,0.152,55.1
2026-04-12 11:03:51,24.5,24.75,1.567,0.123,55.1
2026-04-12 11:03:53,24.5,24.75,1.549,0.142,55.1
2026-04-12 11:03:55,24.5,24.75,1.572,0.11,55.1
2026-04-12 11:03:57,24.5,24.75,1.583,0.141,55.1
2026-04-12 11:03:59,24.5,24.75,1.551,0.119,55.1
2026-04-12 11:04:01,24.75,24.75,1.556,0.157,55.1
2026-04-12 11:04:03,24.75,24.75,1.58,0.122,55.1
2026-04-12 11:04:05,24.75,24.75,1.563,0.138,55.1
2026-04-12 11:04:07,24.75,24.75,1.546,0.116,55.1
2026-04-12 11:04:09,24.75,24.75,1.569,0.088,55.1
2026-04-12 11:04:11,24.75,24.75,1.577,0.128,55.1
2026-04-12 11:04:13,24.75,24.75,1.554,0.149,55.1
2026-04-12 11:04:15,24.75,24.75,1.553,0.096,55.1
2026-04-12 11:04:17,24.75,24.75,1.577,0.138,55.1
2026-04-12 11:04:19,24.75,24.75,1.576,0.142,55.1
2026-04-12 11:04:21,24.75,24.75,1.554,0.095,55.1
2026-04-12 11:04:23,24.75,24.75,1.55,0.124,55.1
2026-04-12 11:04:25,24.75,24.75,1.578,0.104,55.1
2026-04-12 11:04:27,24.75,24.75,1.547,0.135,55.1
2026-04-12 11:04:29,24.75,24.75,1.556,0.087,55.1
2026-04-12 11:04:31,24.75,24.75,1.58,0.13,55.1
2026-04-12 11:04:33,24.75,24.75,1.546,0.161,55.1
2026-04-12 11:04:35,24.75,24.75,1.58,0.148,55.1
2026-04-12 11:04:37,24.75,24.75,1.568,0.119,55.1
2026-04-12 11:04:39,24.75,24.75,1.55,0.12,55.1
2026-04-12 11:04:41,24.75,24.75,1.551,0.095,55.1
2026-04-12 11:04:43,24.75,24.75,1.555,0.161,55.1
2026-04-12 11:04:45,24.75,24.75,1.549,0.1,55.1
2026-04-12 11:04:47,24.75,24.75,1.542,0.12,55.1
2026-04-12 11:04:49,24.75,24.75,1.548,0.138,55.1
2026-04-12 11:04:51,24.75,24.75,1.555,0.12,55.1
2026-04-12 11:04:53,24.75,24.75,1.563,0.153,55.1
2026-04-12 11:04:55,24.75,24.75,1.58,0.139,55.1
2026-04-12 11:04:57,24.75,24.75,1.581,0.176,55.1
2026-04-12 11:04:59,24.75,24.75,1.582,0.133,55.1
2026-04-12 11:05:01,24.75,24.75,1.567,0.126,55.1
2026-04-12 11:05:03,24.75,24.75,1.553,0.106,55.1
2026-04-12 11:05:05,24.75,24.75,1.547,0.113,55.1
2026-04-12 11:05:07,24.75,24.75,1.552,0.152,55.1
2026-04-12 11:05:09,24.75,24.75,1.545,0.121,55.1
2026-04-12 11:05:11,24.75,24.75,1.542,0.096,55.1
2026-04-12 11:05:13,24.75,25.0,1.545,0.111,55.1
2026-04-12 11:05:15,24.75,25.0,1.541,0.098,55.1
2026-04-12 11:05:17,24.75,24.75,1.547,0.1,55.1
2026-04-12 11:05:19,24.75,25.0,1.55,0.127,55.1
2026-04-12 11:05:21,24.75,25.0,1.564,0.128,55.1
2026-04-12 11:05:23,24.75,25.0,1.567,0.17,55.1
2026-04-12 11:05:25,24.75,25.0,1.574,0.149,55.1
2026-04-12 11:05:27,24.75,25.0,1.579,0.122,55.1
2026-04-12 11:05:29,24.75,25.0,1.567,0.129,55.1
2026-04-12 11:05:31,24.75,25.0,1.557,0.124,55.1
2026-04-12 11:05:33,24.75,25.0,1.546,0.141,55.1
2026-04-12 11:05:35,24.75,25.0,1.551,0.116,55.1
2026-04-12 11:05:37,24.75,25.0,1.557,0.111,55.1
2026-04-12 11:05:39,24.75,25.0,1.563,0.171,55.1
2026-04-12 11:05:41,24.75,25.0,1.565,0.148,55.1
2026-04-12 11:05:43,24.75,25.0,1.564,0.112,55.1
2026-04-12 11:05:45,24.75,25.0,1.567,0.131,55.1
2026-04-12 11:05:47,24.75,25.0,1.561,0.123,55.1
2026-04-12 11:05:49,24.75,25.0,1.549,0.089,55.1
2026-04-12 11:05:51,24.75,25.0,1.544,0.165,47.1
2026-04-12 11:05:53,25.5,25.0,1.553,0.119,55.1
2026-04-12 11:05:55,26.0,25.0,1.568,0.121,55.1
2026-04-12 11:05:57,26.75,25.0,1.579,0.137,55.1
2026-04-12 11:05:59,26.75,25.0,1.557,0.106,55.1
2026-04-12 11:06:01,26.5,25.0,1.553,0.09,55.1
2026-04-12 11:06:03,26.25,25.0,1.576,0.256,55.1
2026-04-12 11:06:05,26.25,25.0,1.572,0.112,55.1
2026-04-12 11:06:07,26.0,25.0,1.552,0.321,55.1
2026-04-12 11:06:09,26.0,25.25,1.554,0.413,55.1
2026-04-12 11:06:11,25.75,25.25,1.586,0.564,55.1
2026-04-12 11:06:13,25.75,25.25,1.564,0.185,55.1
2026-04-12 11:06:15,25.75,25.25,1.554,0.14,55.1
2026-04-12 11:06:17,25.5,25.25,1.582,0.152,55.1
2026-04-12 11:06:19,25.5,25.5,1.557,0.155,55.1
2026-04-12 11:06:21,25.5,25.5,1.571,0.127,55.1
2026-04-12 11:06:23,25.25,25.5,1.57,0.11,55.1
2026-04-12 11:06:25,25.25,25.5,1.563,0.151,55.1
2026-04-12 11:06:27,25.25,25.5,1.564,0.136,55.1
2026-04-12 11:06:29,25.25,25.5,1.566,0.118,55.1
2026-04-12 11:06:31,25.25,25.5,1.552,0.164,55.1
2026-04-12 11:06:33,25.25,25.5,1.582,0.162,55.1
2026-04-12 11:06:35,25.25,25.75,1.554,0.126,55.1
2026-04-12 11:06:37,25.25,25.75,1.562,0.153,55.1
2026-04-12 11:06:39,25.0,25.75,1.579,0.144,55.1
2026-04-12 11:06:41,25.0,25.75,1.549,0.145,55.1
2026-04-12 11:06:43,25.0,25.75,1.569,0.151,55.1
2026-04-12 11:06:45,25.0,25.75,1.555,0.134,55.1
2026-04-12 11:06:47,25.0,25.75,1.569,0.12,55.1
2026-04-12 11:06:49,25.0,25.75,1.556,0.129,55.1
2026-04-12 11:06:51,25.0,25.75,1.574,0.119,55.1
2026-04-12 11:06:53,25.0,25.75,1.558,0.131,55.1
2026-04-12 11:06:55,25.0,25.75,1.58,0.142,55.1
2026-04-12 11:06:57,25.0,25.75,1.556,0.112,55.1
2026-04-12 11:06:59,25.0,25.75,1.58,0.141,55.1
2026-04-12 11:07:01,25.0,25.75,1.554,0.116,55.1
2026-04-12 11:07:03,25.0,25.75,1.582,0.137,55.1
2026-04-12 11:07:05,25.0,25.75,1.549,0.137,55.1
2026-04-12 11:07:07,25.0,25.75,1.58,0.12,55.1
2026-04-12 11:07:09,25.0,25.75,1.549,0.143,55.1
2026-04-12 11:07:11,25.0,25.75,1.578,0.15,55.1
2026-04-12 11:07:13,25.0,25.75,1.551,0.13,55.1
2026-04-12 11:07:15,25.0,25.75,1.57,0.133,55.1
2026-04-12 11:07:17,25.0,25.75,1.574,0.136,55.1
2026-04-12 11:07:19,25.0,25.75,1.552,0.178,55.1
2026-04-12 11:07:21,25.0,25.75,1.583,0.134,55.1
2026-04-12 11:07:23,25.0,25.75,1.566,0.16,55.1
2026-04-12 11:07:25,25.0,25.75,1.552,0.152,55.1
2026-04-12 11:07:27,25.0,25.75,1.579,0.128,55.1
2026-04-12 11:07:29,25.0,25.75,1.563,0.127,55.1
2026-04-12 11:07:31,25.0,25.75,1.551,0.179,55.1
2026-04-12 11:07:33,25.0,25.75,1.579,0.161,55.1
2026-04-12 11:07:35,25.0,25.75,1.56,0.129,55.1
2026-04-12 11:07:37,25.0,25.75,1.559,0.14,55.1
2026-04-12 11:07:39,25.0,26.0,1.583,0.127,55.1
2026-04-12 11:07:41,25.0,26.0,1.554,0.13,55.1
2026-04-12 11:07:43,25.0,26.0,1.566,0.148,55.1
2026-04-12 11:07:45,25.0,26.0,1.579,0.171,55.1
2026-04-12 11:07:47,25.0,26.0,1.549,0.151,55.1
2026-04-12 11:07:49,25.0,26.0,1.576,0.135,55.1
2026-04-12 11:07:51,25.0,26.0,1.572,0.125,55.1
2026-04-12 11:07:53,25.0,26.0,1.551,0.163,55.1
2026-04-12 11:07:55,25.0,26.0,1.575,0.16,55.1
2026-04-12 11:07:57,25.0,26.0,1.584,0.136,55.1
2026-04-12 11:07:59,25.0,26.0,1.566,0.151,41.4
2026-04-12 11:08:01,25.0,26.0,1.554,0.166,41.1
2026-04-12 11:08:03,25.0,26.0,1.564,0.12,41.4
2026-04-12 11:08:05,25.25,26.0,1.581,0.128,50.2
2026-04-12 11:08:07,25.25,26.0,1.567,0.132,49.9
2026-04-12 11:08:09,25.25,26.0,1.548,0.142,36.2
2026-04-12 11:08:11,25.25,26.0,1.573,0.147,43.1
2026-04-12 11:08:13,25.25,26.0,1.581,0.153,43.1
2026-04-12 11:08:15,25.25,26.0,1.56,0.115,57.1
2026-04-12 11:08:17,25.5,26.0,1.561,0.139,43.1
2026-04-12 11:08:19,25.5,26.0,1.584,0.123,43.1
2026-04-12 11:08:21,25.5,26.0,1.567,0.175,43.1
2026-04-12 11:08:23,25.5,26.0,1.552,0.116,43.1
2026-04-12 11:08:25,25.5,26.0,1.572,0.177,43.1
2026-04-12 11:08:27,25.5,26.0,1.581,0.131,43.1
2026-04-12 11:08:29,25.5,26.0,1.554,0.149,43.1
2026-04-12 11:08:31,25.5,26.0,1.555,0.183,43.1
2026-04-12 11:08:33,25.5,26.0,1.584,0.141,43.4
2026-04-12 11:08:35,25.5,26.0,1.56,0.118,43.1
2026-04-12 11:08:37,25.5,26.0,1.553,0.126,43.1
2026-04-12 11:08:39,25.5,26.0,1.579,0.158,43.1
2026-04-12 11:08:41,25.5,26.25,1.569,0.146,43.1
2026-04-12 11:08:43,25.5,26.25,1.551,0.153,43.1
2026-04-12 11:08:45,25.5,26.25,1.574,0.124,43.1
2026-04-12 11:08:47,25.5,26.25,1.576,0.119,43.1
2026-04-12 11:08:49,25.5,26.25,1.554,0.152,43.1
2026-04-12 11:08:51,25.5,26.25,1.552,0.12,43.1
2026-04-12 11:08:53,25.5,26.25,1.572,0.156,43.1
2026-04-12 11:08:55,25.5,26.25,1.576,0.14,43.1
2026-04-12 11:08:57,25.5,26.25,1.555,0.159,43.1
2026-04-12 11:08:59,25.5,26.25,1.549,0.131,43.1
2026-04-12 11:09:01,25.5,26.25,1.568,0.182,43.1
2026-04-12 11:09:03,25.5,26.25,1.582,0.143,43.1
2026-04-12 11:09:05,25.5,26.25,1.558,0.181,43.1
2026-04-12 11:09:07,25.5,26.25,1.543,0.123,43.4
2026-04-12 11:09:09,25.5,26.25,1.575,0.202,43.1
2026-04-12 11:09:11,25.75,26.25,1.567,0.13,43.1
2026-04-12 11:09:13,25.75,26.25,1.548,0.136,43.1
2026-04-12 11:09:15,25.75,26.25,1.581,0.139,43.1
2026-04-12 11:09:17,25.75,26.25,1.557,0.145,43.1
2026-04-12 11:09:19,25.75,26.25,1.556,0.155,43.1
2026-04-12 11:09:21,25.75,26.25,1.576,0.129,43.1
2026-04-12 11:09:23,25.75,26.25,1.543,0.16,43.1
2026-04-12 11:09:25,25.75,26.5,1.577,0.137,43.1
2026-04-12 11:09:27,25.75,26.5,1.553,0.139,43.1
2026-04-12 11:09:29,25.75,26.5,1.562,0.157,43.1
2026-04-12 11:09:31,25.75,26.5,1.556,0.15,43.1
2026-04-12 11:09:33,25.75,26.5,1.555,0.144,43.1
2026-04-12 11:09:35,25.75,26.5,1.563,0.117,43.1
2026-04-12 11:09:37,25.75,26.5,1.552,0.115,43.1
2026-04-12 11:09:39,25.75,26.5,1.564,0.152,43.1
2026-04-12 11:09:41,25.75,26.5,1.557,0.114,43.1
2026-04-12 11:09:43,25.75,26.5,1.56,0.135,43.1
2026-04-12 11:09:45,25.75,26.5,1.573,0.131,43.1
2026-04-12 11:09:47,25.75,26.5,1.548,0.15,43.1
2026-04-12 11:09:49,25.75,26.5,1.574,0.162,43.1
2026-04-12 11:09:51,25.75,26.5,1.547,0.126,43.1
2026-04-12 11:09:53,25.75,26.5,1.575,0.128,43.4
2026-04-12 11:09:55,25.75,26.5,1.552,0.148,43.1
2026-04-12 11:09:57,25.75,26.5,1.569,0.151,43.4
2026-04-12 11:09:59,25.75,26.5,1.554,0.149,43.1
2026-04-12 11:10:01,25.75,26.5,1.563,0.115,43.1
2026-04-12 11:10:03,25.75,26.5,1.567,0.174,43.1
2026-04-12 11:10:05,25.75,26.5,1.562,0.125,43.1
2026-04-12 11:10:07,25.75,26.75,1.564,0.167,43.1
2026-04-12 11:10:09,25.75,26.5,1.555,0.177,43.4
2026-04-12 11:10:11,25.75,26.5,1.565,0.139,43.1
2026-04-12 11:10:13,25.75,26.75,1.554,0.154,43.1
2026-04-12 11:10:15,25.75,26.75,1.561,0.178,43.1
2026-04-12 11:10:17,25.75,26.75,1.559,0.123,43.1
2026-04-12 11:10:19,26.0,26.75,1.555,0.116,43.1
2026-04-12 11:10:21,26.0,26.75,1.56,0.14,43.4
2026-04-12 11:10:23,26.0,26.75,1.544,0.143,43.1
2026-04-12 11:10:25,26.0,26.75,1.57,0.158,43.1
2026-04-12 11:10:27,26.0,26.75,1.542,0.141,43.1
2026-04-12 11:10:29,26.0,26.75,1.568,0.13,43.1
2026-04-12 11:10:31,26.0,26.75,1.549,0.164,43.1
2026-04-12 11:10:33,26.0,26.75,1.556,0.115,43.1
2026-04-12 11:10:35,26.0,26.75,1.565,0.145,43.1
2026-04-12 11:10:37,26.0,26.75,1.539,0.145,43.1
2026-04-12 11:10:39,26.0,26.75,1.57,0.133,43.1
2026-04-12 11:10:41,26.0,26.75,1.548,0.119,43.1
2026-04-12 11:10:43,26.0,26.75,1.562,0.151,43.1
2026-04-12 11:10:45,26.0,26.75,1.56,0.159,43.4
2026-04-12 11:10:47,26.0,26.75,1.542,0.14,43.1
2026-04-12 11:10:49,26.0,26.75,1.571,0.159,43.1
2026-04-12 11:10:51,26.0,26.75,1.549,0.171,43.1
2026-04-12 11:10:53,26.0,26.75,1.55,0.138,43.1
2026-04-12 11:10:55,26.0,26.75,1.569,0.171,43.1
2026-04-12 11:10:57,26.0,26.75,1.545,0.136,43.1
2026-04-12 11:10:59,26.0,26.75,1.547,0.14,43.1
2026-04-12 11:11:01,26.0,26.75,1.571,0.147,43.1
2026-04-12 11:11:03,26.0,27.0,1.571,0.142,43.4
2026-04-12 11:11:05,26.0,27.0,1.567,0.15,43.1
2026-04-12 11:11:07,26.0,27.0,1.553,0.167,43.4
2026-04-12 11:11:09,26.0,27.0,1.544,0.154,43.1
2026-04-12 11:11:11,26.0,27.0,1.543,0.198,43.1
2026-04-12 11:11:13,26.0,27.0,1.545,0.128,43.1
2026-04-12 11:11:15,26.0,27.0,1.559,0.13,43.1
2026-04-12 11:11:17,26.0,27.0,1.568,0.126,43.1
2026-04-12 11:11:19,26.0,27.0,1.573,0.167,43.1
2026-04-12 11:11:21,26.0,27.0,1.565,0.132,43.1
2026-04-12 11:11:23,26.0,27.0,1.555,0.188,43.4
2026-04-12 11:11:25,26.0,27.0,1.548,0.16,43.1
2026-04-12 11:11:27,26.0,27.0,1.541,0.185,43.4
2026-04-12 11:11:29,26.0,27.0,1.544,0.15,43.1
2026-04-12 11:11:31,26.0,27.0,1.546,0.157,43.4
2026-04-12 11:11:33,26.0,27.0,1.558,0.167,43.1
2026-04-12 11:11:35,26.0,27.0,1.573,0.139,43.4
2026-04-12 11:11:37,26.0,27.0,1.574,0.166,43.4
2026-04-12 11:11:39,26.0,27.0,1.569,0.204,43.1
2026-04-12 11:11:41,26.0,27.0,1.561,0.113,43.1
2026-04-12 11:11:43,26.0,27.25,1.549,0.153,43.1
2026-04-12 11:11:45,26.0,27.0,1.55,0.124,43.4
2026-04-12 11:11:47,26.0,27.25,1.544,0.123,43.1
2026-04-12 11:11:49,26.0,27.25,1.549,0.139,43.4
2026-04-12 11:11:51,26.0,27.25,1.552,0.164,43.1
2026-04-12 11:11:53,26.0,27.25,1.56,0.112,43.1
2026-04-12 11:11:55,26.25,27.25,1.565,0.161,43.1
2026-04-12 11:11:57,26.0,27.25,1.577,0.162,43.1
2026-04-12 11:11:59,26.0,27.25,1.574,0.141,43.1
2026-04-12 11:12:01,26.0,27.25,1.57,0.127,43.1
2026-04-12 11:12:03,26.0,27.25,1.568,0.17,43.1
2026-04-12 11:12:05,26.0,27.25,1.567,0.192,43.1
2026-04-12 11:12:07,26.25,27.25,1.566,0.141,43.1
2026-04-12 11:12:09,26.0,27.25,1.563,0.183,43.4
2026-04-12 11:12:11,26.25,27.25,1.558,0.167,43.4
2026-04-12 11:12:13,26.25,27.25,1.557,0.156,43.4
2026-04-12 11:12:15,26.0,27.25,1.556,0.22,43.4
2026-04-12 11:12:17,26.25,27.25,1.551,0.173,43.1
2026-04-12 11:12:19,26.25,27.25,1.547,0.146,43.1
2026-04-12 11:12:21,26.25,27.25,1.545,0.191,43.4
2026-04-12 11:12:23,26.25,27.25,1.544,0.163,43.1
2026-04-12 11:12:25,26.25,27.25,1.549,0.143,43.4
2026-04-12 11:12:27,26.25,27.25,1.548,0.138,43.1
2026-04-12 11:12:29,26.25,27.25,1.545,0.176,43.1
2026-04-12 11:12:31,26.25,27.25,1.543,0.15,43.1
2026-04-12 11:12:33,26.25,27.25,1.542,0.187,43.4
2026-04-12 11:12:35,26.25,27.5,1.553,0.15,43.4
2026-04-12 11:12:37,26.25,27.5,1.568,0.174,43.1
2026-04-12 11:12:39,26.25,27.5,1.576,0.165,43.1
2026-04-12 11:12:41,26.25,27.5,1.558,0.151,43.1
2026-04-12 11:12:43,26.25,27.5,1.542,0.168,43.4
2026-04-12 11:12:45,26.25,27.5,1.563,0.19,43.4
2026-04-12 11:12:47,26.25,27.5,1.575,0.188,43.4
2026-04-12 11:12:49,26.25,27.5,1.561,0.171,43.1
2026-04-12 11:12:51,26.25,27.5,1.545,0.144,43.4
2026-04-12 11:12:53,26.25,27.5,1.559,0.179,43.4
2026-04-12 11:12:55,26.25,27.5,1.574,0.166,43.1
2026-04-12 11:12:57,26.25,27.5,1.567,0.192,43.1
2026-04-12 11:12:59,26.25,27.5,1.546,0.168,43.1
2026-04-12 11:13:01,26.25,27.5,1.549,0.158,43.1
2026-04-12 11:13:03,26.25,27.5,1.577,0.19,43.1
2026-04-12 11:13:05,26.25,27.5,1.579,0.174,43.1
2026-04-12 11:13:07,26.25,27.5,1.547,0.176,43.4
2026-04-12 11:13:09,26.25,27.5,1.554,0.159,43.1
2026-04-12 11:13:11,26.25,27.5,1.577,0.156,43.1
2026-04-12 11:13:13,26.25,27.5,1.562,0.121,43.1
2026-04-12 11:13:15,26.25,27.5,1.541,0.155,43.1
2026-04-12 11:13:17,26.25,27.5,1.561,0.187,43.1
2026-04-12 11:13:19,26.25,27.5,1.582,0.153,43.1
2026-04-12 11:13:21,26.25,27.75,1.569,0.14,43.1
2026-04-12 11:13:23,26.25,27.75,1.549,0.14,43.4
2026-04-12 11:13:25,26.25,27.75,1.551,0.141,43.4
2026-04-12 11:13:27,26.25,27.75,1.571,0.177,43.1
2026-04-12 11:13:29,26.25,27.75,1.574,0.184,43.4
2026-04-12 11:13:31,26.25,27.75,1.556,0.179,43.4
2026-04-12 11:13:33,26.25,27.75,1.547,0.147,43.4
2026-04-12 11:13:35,26.25,27.75,1.562,0.149,43.1
2026-04-12 11:13:37,26.25,27.75,1.576,0.128,43.4
2026-04-12 11:13:39,26.25,27.75,1.554,0.176,43.1
2026-04-12 11:13:41,26.25,27.75,1.544,0.146,43.4
2026-04-12 11:13:43,26.25,27.75,1.56,0.168,43.4
2026-04-12 11:13:45,26.25,27.75,1.58,0.16,43.1
2026-04-12 11:13:47,26.25,27.75,1.566,0.18,43.4
2026-04-12 11:13:49,26.25,27.75,1.544,0.166,43.1
2026-04-12 11:13:51,26.25,27.75,1.562,0.162,43.4
2026-04-12 11:13:53,26.25,27.75,1.576,0.146,43.4
2026-04-12 11:13:55,26.25,27.75,1.554,0.192,43.1
2026-04-12 11:13:57,26.25,27.75,1.544,0.157,43.1
2026-04-12 11:13:59,26.25,27.75,1.558,0.185,43.1
2026-04-12 11:14:01,26.25,27.75,1.575,0.155,43.1
2026-04-12 11:14:03,26.25,28.0,1.57,0.118,43.4
2026-04-12 11:14:05,26.25,27.75,1.553,0.148,43.4
2026-04-12 11:14:07,26.25,28.0,1.546,0.154,43.4
2026-04-12 11:14:09,26.25,28.0,1.548,0.178,43.1
2026-04-12 11:14:11,26.25,28.0,1.566,0.199,43.1
2026-04-12 11:14:13,26.25,28.0,1.577,0.169,43.1
2026-04-12 11:14:15,26.25,28.0,1.565,0.143,43.1
2026-04-12 11:14:17,26.25,28.0,1.549,0.153,43.1
2026-04-12 11:14:19,26.25,28.0,1.538,0.144,43.1
2026-04-12 11:14:21,26.25,28.0,1.56,0.174,43.1
2026-04-12 11:14:23,26.25,28.0,1.569,0.182,43.1
2026-04-12 11:14:25,26.25,28.0,1.567,0.184,43.1
2026-04-12 11:14:27,26.25,28.0,1.56,0.169,43.1
2026-04-12 11:14:29,26.25,28.0,1.548,0.169,43.1
2026-04-12 11:14:31,26.25,28.0,1.539,0.164,43.1
2026-04-12 11:14:33,26.5,28.0,1.539,0.207,43.1
2026-04-12 11:14:35,26.5,28.0,1.543,0.136,43.4
2026-04-12 11:14:37,26.5,28.0,1.552,0.144,43.4
2026-04-12 11:14:39,26.5,28.0,1.557,0.174,43.4
2026-04-12 11:14:41,26.5,28.0,1.567,0.13,43.1
2026-04-12 11:14:43,26.5,28.0,1.574,0.132,43.1
2026-04-12 11:14:45,26.5,28.25,1.561,0.183,43.1
2026-04-12 11:14:47,26.5,28.25,1.544,0.168,43.4
2026-04-12 11:14:49,26.5,28.25,1.557,0.187,43.4
2026-04-12 11:14:51,26.5,28.25,1.574,0.137,43.4
2026-04-12 11:14:53,26.5,28.25,1.55,0.205,43.4
2026-04-12 11:14:55,26.5,28.25,1.542,0.175,43.1
2026-04-12 11:14:57,26.5,28.25,1.569,0.148,43.4
2026-04-12 11:14:59,26.5,28.25,1.561,0.157,43.1
2026-04-12 11:15:01,26.5,28.25,1.539,0.131,43.1
2026-04-12 11:15:03,26.5,28.25,1.559,0.181,43.1
2026-04-12 11:15:05,26.5,28.25,1.576,0.165,43.1
2026-04-12 11:15:07,26.5,28.25,1.551,0.154,43.4
2026-04-12 11:15:09,26.5,28.25,1.541,0.137,43.1
2026-04-12 11:15:11,26.5,28.25,1.566,0.162,43.1
2026-04-12 11:15:13,26.5,28.25,1.572,0.176,43.4
2026-04-12 11:15:15,26.5,28.25,1.556,0.142,43.1
2026-04-12 11:15:17,26.5,28.25,1.542,0.159,43.4
2026-04-12 11:15:19,26.5,28.25,1.546,0.17,43.1
2026-04-12 11:15:21,26.5,28.25,1.557,0.177,43.1
2026-04-12 11:15:23,26.5,28.25,1.572,0.16,43.1
2026-04-12 11:15:25,26.5,28.5,1.57,0.178,43.4
2026-04-12 11:15:27,26.5,28.5,1.557,0.159,43.4
2026-04-12 11:15:29,26.5,28.5,1.542,0.146,43.4
2026-04-12 11:15:31,26.5,28.5,1.542,0.152,43.1
2026-04-12 11:15:33,26.5,28.5,1.556,0.172,43.4
2026-04-12 11:15:35,26.5,28.5,1.567,0.147,43.4
2026-04-12 11:15:37,26.5,28.5,1.573,0.187,43.1
2026-04-12 11:15:39,26.5,28.5,1.564,0.173,43.4
2026-04-12 11:15:41,26.5,28.5,1.554,0.168,43.1
2026-04-12 11:15:43,26.5,28.5,1.541,0.146,43.1
2026-04-12 11:15:45,26.5,28.5,1.54,0.123,43.4
2026-04-12 11:15:47,26.5,28.5,1.55,0.172,43.1
2026-04-12 11:15:49,26.5,28.5,1.564,0.159,43.4
2026-04-12 11:15:51,26.5,28.5,1.573,0.14,43.1
2026-04-12 11:15:53,26.5,28.5,1.566,0.152,43.4
2026-04-12 11:15:55,26.5,28.5,1.558,0.154,43.4
2026-04-12 11:15:57,26.5,28.5,1.545,0.151,43.1
2026-04-12 11:15:59,26.5,28.5,1.539,0.163,43.1
2026-04-12 11:16:01,26.5,28.5,1.535,0.14,43.4
2026-04-12 11:16:03,26.5,28.5,1.538,0.172,43.4
2026-04-12 11:16:05,26.5,28.5,1.541,0.176,43.1
2026-04-12 11:16:07,26.5,28.5,1.548,0.149,43.4
2026-04-12 11:16:09,26.5,28.5,1.565,0.163,43.1
2026-04-12 11:16:11,26.5,28.5,1.57,0.211,43.4
2026-04-12 11:16:13,26.5,28.75,1.572,0.146,43.4
2026-04-12 11:16:15,26.5,28.75,1.566,0.153,43.1
2026-04-12 11:16:17,26.5,28.75,1.554,0.158,43.4
2026-04-12 11:16:19,26.5,28.75,1.543,0.183,43.1
2026-04-12 11:16:21,26.5,28.75,1.543,0.185,43.1
2026-04-12 11:16:23,26.5,28.75,1.544,0.173,43.1
2026-04-12 11:16:25,26.5,28.75,1.544,0.137,43.4
2026-04-12 11:16:27,26.5,28.75,1.543,0.125,43.4
2026-04-12 11:16:29,26.5,28.75,1.54,0.163,43.4
2026-04-12 11:16:31,26.5,28.75,1.538,0.162,43.4
2026-04-12 11:16:33,26.5,28.75,1.538,0.152,43.4
2026-04-12 11:16:35,26.5,28.75,1.548,0.191,43.4
2026-04-12 11:16:37,26.5,28.75,1.562,0.156,43.1
2026-04-12 11:16:39,26.5,28.75,1.567,0.174,43.1
2026-04-12 11:16:41,26.5,28.75,1.562,0.191,43.4
2026-04-12 11:16:43,26.5,28.75,1.543,0.143,43.4
2026-04-12 11:16:45,26.5,28.75,1.539,0.147,43.1
2026-04-12 11:16:47,26.5,28.75,1.557,0.168,43.1
2026-04-12 11:16:49,26.5,28.75,1.571,0.156,43.1
2026-04-12 11:16:51,26.5,28.75,1.557,0.156,43.4
2026-04-12 11:16:53,26.75,28.75,1.535,0.169,43.1
2026-04-12 11:16:55,26.5,28.75,1.564,0.164,43.1
2026-04-12 11:16:57,26.5,29.0,1.564,0.212,43.1
2026-04-12 11:16:59,26.75,29.0,1.54,0.235,43.1
2026-04-12 11:17:01,26.5,29.0,1.567,0.184,43.4
2026-04-12 11:17:03,26.75,29.0,1.542,0.166,43.4
2026-04-12 11:17:05,26.75,29.0,1.568,0.172,43.1
2026-04-12 11:17:07,26.5,29.0,1.554,0.189,43.1
2026-04-12 11:17:09,26.75,29.0,1.542,0.134,43.1
2026-04-12 11:17:11,26.75,29.0,1.568,0.19,43.1
2026-04-12 11:17:13,26.75,29.0,1.539,0.18,43.1
2026-04-12 11:17:15,26.75,29.0,1.551,0.158,43.1
2026-04-12 11:17:17,26.75,29.0,1.563,0.152,43.1
2026-04-12 11:17:19,26.75,29.0,1.533,0.148,43.1
2026-04-12 11:17:21,26.75,29.0,1.559,0.165,43.1
2026-04-12 11:17:23,26.75,29.0,1.553,0.183,43.1
2026-04-12 11:17:25,26.75,29.0,1.542,0.124,43.4
2026-04-12 11:17:27,26.75,29.0,1.561,0.174,43.4
2026-04-12 11:17:29,26.75,29.0,1.541,0.17,43.4
2026-04-12 11:17:31,26.75,29.0,1.569,0.181,43.4
2026-04-12 11:17:33,26.75,29.0,1.538,0.154,43.1
2026-04-12 11:17:35,26.75,29.0,1.569,0.157,43.4
2026-04-12 11:17:37,26.75,29.0,1.544,0.19,43.4
2026-04-12 11:17:39,26.75,29.0,1.554,0.134,43.1
2026-04-12 11:17:41,26.75,29.25,1.559,0.164,43.1
2026-04-12 11:17:43,26.75,29.25,1.537,0.172,43.1
2026-04-12 11:17:45,26.75,29.0,1.57,0.152,43.4
2026-04-12 11:17:47,26.75,29.25,1.551,0.181,43.4
2026-04-12 11:17:49,26.75,29.25,1.539,0.184,43.4
2026-04-12 11:17:51,26.75,29.25,1.569,0.164,43.4
2026-04-12 11:17:53,26.75,29.25,1.552,0.141,43.4
2026-04-12 11:17:55,26.75,29.25,1.542,0.195,43.1
2026-04-12 11:17:57,26.75,29.25,1.562,0.189,43.4
2026-04-12 11:17:59,26.75,29.25,1.56,0.173,43.4
2026-04-12 11:18:01,26.75,29.25,1.536,0.166,43.4
2026-04-12 11:18:03,26.75,29.25,1.557,0.167,43.1
2026-04-12 11:18:05,26.75,29.25,1.566,0.153,43.1
2026-04-12 11:18:07,26.75,29.25,1.534,0.152,43.4
2026-04-12 11:18:09,26.75,29.25,1.563,0.168,43.1
2026-04-12 11:18:11,26.75,29.25,1.557,0.18,43.4
2026-04-12 11:18:13,26.75,29.25,1.535,0.162,43.4
2026-04-12 11:18:15,26.75,29.25,1.556,0.147,43.4
2026-04-12 11:18:17,26.75,29.25,1.555,0.143,43.1
2026-04-12 11:18:19,26.75,29.25,1.538,0.168,43.1
2026-04-12 11:18:21,26.75,29.25,1.565,0.17,43.1
2026-04-12 11:18:23,26.75,29.25,1.536,0.169,43.4
2026-04-12 11:18:25,26.75,29.25,1.567,0.157,43.4
2026-04-12 11:18:27,26.75,29.25,1.538,0.22,43.4
2026-04-12 11:18:29,26.75,29.25,1.569,0.172,43.1
2026-04-12 11:18:31,26.75,29.25,1.534,0.168,43.4
2026-04-12 11:18:33,26.75,29.25,1.564,0.173,43.4
2026-04-12 11:18:35,26.75,29.25,1.542,0.183,43.1
2026-04-12 11:18:37,26.75,29.25,1.551,0.139,43.4
2026-04-12 11:18:39,26.75,29.25,1.56,0.17,43.1
2026-04-12 11:18:41,26.75,29.25,1.539,0.147,43.1
2026-04-12 11:18:43,26.75,29.25,1.547,0.141,43.1
2026-04-12 11:18:45,26.75,29.5,1.563,0.17,43.1
2026-04-12 11:18:47,26.75,29.5,1.543,0.212,43.4
2026-04-12 11:18:49,26.75,29.5,1.556,0.184,43.1
2026-04-12 11:18:51,26.75,29.5,1.565,0.153,43.4
2026-04-12 11:18:53,26.75,29.5,1.537,0.193,43.1
2026-04-12 11:18:55,26.75,29.5,1.559,0.151,43.4
2026-04-12 11:18:57,26.75,29.5,1.562,0.138,43.4
2026-04-12 11:18:59,26.75,29.5,1.538,0.16,43.1
2026-04-12 11:19:01,26.75,29.5,1.562,0.173,43.1
2026-04-12 11:19:03,26.75,29.5,1.548,0.163,43.4
2026-04-12 11:19:05,26.75,29.5,1.548,0.17,43.1
2026-04-12 11:19:07,26.75,29.5,1.567,0.171,43.4
2026-04-12 11:19:09,26.75,29.5,1.541,0.178,43.4
2026-04-12 11:19:11,26.75,29.5,1.569,0.163,43.4
2026-04-12 11:19:13,26.75,29.5,1.541,0.173,43.1
2026-04-12 11:19:15,26.75,29.5,1.572,0.151,43.4
2026-04-12 11:19:17,26.75,29.5,1.544,0.177,43.1
2026-04-12 11:19:19,26.75,29.5,1.562,0.18,43.4
2026-04-12 11:19:21,26.75,29.5,1.553,0.185,43.1
2026-04-12 11:19:23,26.75,29.5,1.546,0.204,43.1
2026-04-12 11:19:25,26.75,29.5,1.571,0.2,43.1
2026-04-12 11:19:27,26.75,29.5,1.545,0.179,43.4
2026-04-12 11:19:29,27.0,29.5,1.569,0.144,43.1
2026-04-12 11:19:31,26.75,29.5,1.551,0.196,43.4
2026-04-12 11:19:33,27.0,29.5,1.562,0.179,43.4
2026-04-12 11:19:35,26.75,29.5,1.546,0.165,43.4
2026-04-12 11:19:37,26.75,29.5,1.559,0.199,43.1
2026-04-12 11:19:39,27.0,29.75,1.546,0.161,43.1
2026-04-12 11:19:41,27.0,29.5,1.552,0.168,43.4
2026-04-12 11:19:43,27.0,29.75,1.553,0.163,43.4
2026-04-12 11:19:45,27.0,29.75,1.553,0.178,43.4
2026-04-12 11:19:47,27.0,29.75,1.548,0.166,43.4
2026-04-12 11:19:49,27.0,29.75,1.563,0.157,43.1
2026-04-12 11:19:51,27.0,29.75,1.536,0.183,43.4
2026-04-12 11:19:53,27.0,29.75,1.571,0.157,43.1
2026-04-12 11:19:55,27.0,29.75,1.553,0.159,43.1
2026-04-12 11:19:57,27.0,29.75,1.536,0.166,43.1
2026-04-12 11:19:59,27.0,29.75,1.563,0.173,43.4
2026-04-12 11:21:31,27.0,30.25,1.571,0.159,43.1
2026-04-12 11:21:33,27.0,30.25,1.575,0.148,43.4
2026-04-12 11:21:35,27.25,30.25,1.57,0.158,43.1
2026-04-12 11:21:37,27.0,30.25,1.564,0.171,43.4
2026-04-12 11:21:39,27.0,30.25,1.571,0.169,43.1
2026-04-12 11:21:41,27.0,30.25,1.575,0.153,43.1
2026-04-12 11:21:43,27.0,30.25,1.573,0.162,43.1
2026-04-12 11:21:45,27.0,30.25,1.56,0.202,43.1
2026-04-12 11:21:47,27.25,30.25,1.548,0.168,43.1
2026-04-12 11:21:49,27.0,30.25,1.545,0.137,43.4
2026-04-12 11:21:51,27.0,30.25,1.547,0.13,43.1
2026-04-12 11:21:53,27.25,30.25,1.568,0.144,43.4
2026-04-12 11:21:55,27.25,30.25,1.579,0.163,43.1
2026-04-12 11:21:57,27.25,30.25,1.562,0.198,43.4
2026-04-12 11:21:59,27.25,30.25,1.541,0.201,43.4
2026-04-12 11:22:01,27.25,30.25,1.561,0.165,43.1
2026-04-12 11:22:03,27.25,30.25,1.576,0.191,43.1
2026-04-12 11:22:05,27.25,30.25,1.543,0.178,43.1
2026-04-12 11:22:07,27.25,30.25,1.573,0.17,43.1
2026-04-12 11:22:09,27.25,30.25,1.57,0.153,43.4
2026-04-12 11:22:11,27.25,30.25,1.545,0.147,43.4
2026-04-12 11:22:13,27.25,30.25,1.579,0.205,43.4
2026-04-12 11:22:15,27.25,30.25,1.546,0.162,43.1
2026-04-12 11:22:17,27.25,30.5,1.577,0.2,43.4
2026-04-12 11:22:19,27.25,30.25,1.552,0.151,43.4
2026-04-12 11:22:21,27.25,30.5,1.555,0.194,43.1
2026-04-12 11:22:23,27.25,30.5,1.558,0.15,43.4
2026-04-12 11:22:25,27.25,30.5,1.554,0.205,43.1
2026-04-12 11:22:27,27.25,30.5,1.556,0.211,43.4
2026-04-12 11:22:29,27.25,30.5,1.558,0.169,43.1
2026-04-12 11:22:31,27.25,30.5,1.555,0.161,43.1
2026-04-12 11:22:33,27.25,30.5,1.553,0.165,43.4
2026-04-12 11:22:35,27.25,30.5,1.565,0.131,43.4
2026-04-12 11:22:37,27.25,30.5,1.55,0.155,43.4
2026-04-12 11:22:39,27.25,30.5,1.561,0.146,43.4
2026-04-12 11:22:41,27.25,30.5,1.556,0.166,43.1
2026-04-12 11:22:43,27.25,30.5,1.558,0.19,43.1
2026-04-12 11:22:45,27.25,30.5,1.558,0.134,43.1
2026-04-12 11:22:47,27.25,30.5,1.556,0.171,43.1
2026-04-12 11:22:49,27.25,30.5,1.552,0.157,43.4
2026-04-12 11:22:51,27.25,30.5,1.567,0.156,43.1
2026-04-12 11:22:53,27.25,30.5,1.546,0.139,43.1
2026-04-12 11:22:55,27.25,30.5,1.577,0.213,43.4
2026-04-12 11:22:57,27.25,30.5,1.542,0.127,43.4
2026-04-12 11:22:59,27.25,30.5,1.565,0.197,43.4
2026-04-12 11:23:01,27.25,30.5,1.547,0.176,43.4
2026-04-12 11:23:03,27.25,30.5,1.575,0.183,43.1
2026-04-12 11:23:05,27.25,30.5,1.542,0.171,43.4
2026-04-12 11:23:07,27.25,30.5,1.579,0.152,43.4
2026-04-12 11:23:09,27.25,30.5,1.544,0.175,43.4
2026-04-12 11:23:11,27.25,30.5,1.575,0.209,43.4
2026-04-12 11:23:13,27.25,30.5,1.546,0.172,43.4
2026-04-12 11:23:15,27.25,30.5,1.575,0.13,43.4
2026-04-12 11:23:17,27.25,30.5,1.534,0.171,43.1
2026-04-12 11:23:19,27.25,30.5,1.575,0.125,43.1
2026-04-12 11:23:21,27.25,30.5,1.544,0.144,43.1
2026-04-12 11:23:23,27.25,30.5,1.576,0.153,43.1
2026-04-12 11:23:25,27.25,30.5,1.543,0.138,43.1
2026-04-12 11:23:27,27.25,30.5,1.569,0.223,43.4
2026-04-12 11:23:29,27.25,30.75,1.541,0.15,43.4
2026-04-12 11:23:31,27.25,30.75,1.566,0.147,43.1
2026-04-12 11:23:33,27.25,30.75,1.541,0.208,43.4
2026-04-12 11:23:35,27.25,30.75,1.567,0.203,43.4
2026-04-12 11:23:37,27.25,30.75,1.537,0.162,43.1
2026-04-12 11:23:39,27.25,30.75,1.574,0.168,43.1
2026-04-12 11:23:41,27.25,30.75,1.554,0.149,43.1
2026-04-12 11:23:43,27.25,30.75,1.55,0.173,43.4
2026-04-12 11:23:45,27.25,30.75,1.567,0.172,43.4
2026-04-12 11:23:47,27.25,30.75,1.54,0.142,43.4
2026-04-12 11:23:49,27.25,30.75,1.574,0.17,43.4
2026-04-12 11:23:51,27.25,30.75,1.544,0.165,43.4
2026-04-12 11:23:53,27.25,30.75,1.551,0.219,43.1
2026-04-12 11:23:55,27.25,30.75,1.57,0.151,43.4
2026-04-12 11:23:57,27.25,30.75,1.542,0.166,43.4
2026-04-12 11:23:59,27.25,30.75,1.568,0.171,43.1
2026-04-12 11:24:01,27.25,30.75,1.564,0.149,43.4
2026-04-12 11:24:03,27.25,30.75,1.547,0.167,43.1
2026-04-12 11:24:05,27.25,30.75,1.575,0.165,43.1
2026-04-12 11:24:07,27.25,30.75,1.559,0.138,43.4
2026-04-12 11:24:09,27.25,30.75,1.551,0.171,43.1
2026-04-12 11:24:11,27.25,30.75,1.579,0.23,43.1
2026-04-12 11:24:13,27.25,30.75,1.548,0.168,43.1
2026-04-12 11:24:15,27.25,30.75,1.549,0.154,43.1
2026-04-12 11:24:17,27.25,30.75,1.568,0.136,43.1
2026-04-12 11:24:19,27.25,30.75,1.551,0.15,43.4
2026-04-12 11:24:21,27.25,30.75,1.549,0.139,43.1
2026-04-12 11:24:23,27.25,30.75,1.575,0.13,43.4
2026-04-12 11:24:25,27.5,31.0,1.56,0.182,43.1
2026-04-12 11:24:27,27.25,31.0,1.541,0.221,43.1
2026-04-12 11:24:29,27.5,31.0,1.561,0.185,43.1
2026-04-12 11:24:31,27.5,31.0,1.57,0.165,43.1
2026-04-12 11:24:33,27.25,31.0,1.55,0.176,43.4
2026-04-12 11:24:35,27.5,31.0,1.544,0.18,43.1
2026-04-12 11:24:37,27.5,31.0,1.567,0.188,43.4
2026-04-12 11:24:39,27.5,31.0,1.563,0.138,43.4
2026-04-12 11:24:41,27.5,31.0,1.537,0.17,43.1
2026-04-12 11:24:43,27.5,31.0,1.562,0.172,43.4
2026-04-12 11:24:45,27.5,31.0,1.575,0.154,43.1
2026-04-12 11:24:47,27.5,31.0,1.547,0.151,43.1
2026-04-12 11:24:49,27.5,31.0,1.58,0.203,43.1
2026-04-12 11:24:51,27.5,31.0,1.562,0.174,43.4
2026-04-12 11:24:53,27.5,31.0,1.555,0.191,43.1
2026-04-12 11:24:55,27.5,31.0,1.574,0.193,43.1
2026-04-12 11:24:57,27.5,31.0,1.54,0.157,43.1
2026-04-12 11:24:59,27.5,31.0,1.567,0.179,43.1
2026-04-12 11:25:01,27.5,31.0,1.552,0.123,43.1
2026-04-12 11:25:03,27.5,31.0,1.55,0.209,43.4
2026-04-12 11:25:05,27.5,31.0,1.564,0.198,43.1
2026-04-12 11:25:07,27.5,31.0,1.547,0.15,43.4
2026-04-12 11:25:09,27.5,31.0,1.571,0.168,43.1
2026-04-12 11:25:11,27.5,31.0,1.538,0.178,43.1
2026-04-12 11:25:13,27.5,31.0,1.571,0.161,43.1
2026-04-12 11:25:15,27.5,31.0,1.539,0.128,43.4
2026-04-12 11:25:17,27.5,31.0,1.573,0.173,43.4
2026-04-12 11:25:19,27.5,31.0,1.537,0.163,43.1
2026-04-12 11:25:21,27.5,31.0,1.572,0.155,43.1
2026-04-12 11:25:23,27.5,31.0,1.539,0.199,43.1
2026-04-12 11:25:25,27.5,31.0,1.563,0.224,43.4
2026-04-12 11:25:27,27.5,31.0,1.545,0.164,43.1
2026-04-12 11:25:29,27.5,31.0,1.556,0.197,43.4
2026-04-12 11:25:31,27.5,31.0,1.547,0.185,43.1
2026-04-12 11:25:33,27.5,31.0,1.552,0.176,43.1
2026-04-12 11:25:35,27.5,31.25,1.548,0.137,43.1
2026-04-12 11:25:37,27.5,31.25,1.549,0.153,43.4
2026-04-12 11:25:39,27.5,31.25,1.561,0.164,43.1
2026-04-12 11:25:41,27.5,31.25,1.533,0.208,43.1
2026-04-12 11:25:43,27.5,31.25,1.566,0.157,43.1
2026-04-12 11:25:45,27.5,31.25,1.546,0.136,43.4
2026-04-12 11:25:47,27.5,31.25,1.554,0.202,43.1
2026-04-12 11:25:49,27.5,31.25,1.572,0.151,43.1
2026-04-12 11:25:51,27.5,31.25,1.545,0.168,43.4
2026-04-12 11:25:53,27.5,31.25,1.557,0.164,43.1
2026-04-12 11:25:55,27.5,31.25,1.571,0.18,43.4
2026-04-12 11:25:57,27.5,31.25,1.534,0.141,43.1
2026-04-12 11:25:59,27.5,31.25,1.56,0.207,43.1
2026-04-12 11:26:01,27.5,31.25,1.554,0.164,43.1
2026-04-12 11:26:03,27.5,31.25,1.545,0.141,43.1
2026-04-12 11:26:05,27.5,31.25,1.569,0.2,43.1
2026-04-12 11:26:07,27.5,31.25,1.54,0.15,43.1
2026-04-12 11:26:09,27.5,31.25,1.568,0.163,43.1
2026-04-12 11:26:11,27.5,31.25,1.54,0.157,43.4
2026-04-12 11:26:13,27.5,31.25,1.57,0.159,43.1
2026-04-12 11:26:15,27.5,31.25,1.535,0.118,43.1
2026-04-12 11:26:17,27.5,31.25,1.565,0.142,43.1
2026-04-12 11:26:19,27.5,31.25,1.531,0.15,43.4
2026-04-12 11:26:21,27.5,31.25,1.57,0.176,43.1
2026-04-12 11:26:23,27.5,31.25,1.537,0.192,43.1
2026-04-12 11:26:25,27.5,31.25,1.571,0.144,43.1
2026-04-12 11:26:27,27.5,31.25,1.551,0.172,43.1
2026-04-12 11:26:29,27.5,31.25,1.553,0.169,43.1
2026-04-12 11:26:31,27.5,31.25,1.569,0.189,43.1
2026-04-12 11:26:33,27.5,31.25,1.541,0.152,43.4
2026-04-12 11:26:35,27.5,31.25,1.546,0.207,43.1
2026-04-12 11:26:37,27.75,31.25,1.574,0.194,43.1
2026-04-12 11:26:39,27.5,31.5,1.55,0.146,43.1
2026-04-12 11:26:41,27.5,31.5,1.537,0.166,43.4
2026-04-12 11:26:43,27.5,31.5,1.568,0.188,43.1
2026-04-12 11:26:45,27.75,31.5,1.563,0.203,43.4
2026-04-12 11:26:47,27.5,31.5,1.541,0.174,43.4
2026-04-12 11:26:49,27.5,31.5,1.542,0.122,43.1
2026-04-12 11:26:51,27.75,31.5,1.563,0.189,43.4
2026-04-12 11:26:53,27.75,31.5,1.562,0.167,43.1
2026-04-12 11:26:55,27.75,31.5,1.541,0.18,43.1
2026-04-12 11:26:57,27.75,31.5,1.529,0.181,43.4
2026-04-12 11:26:59,27.75,31.5,1.561,0.164,43.1
2026-04-12 11:27:01,27.75,31.5,1.563,0.176,43.4
2026-04-12 11:27:03,27.75,31.5,1.547,0.153,43.1
2026-04-12 11:27:05,27.75,31.5,1.536,0.143,43.4
2026-04-12 11:27:07,27.75,31.5,1.545,0.16,43.4
2026-04-12 11:27:09,27.75,31.5,1.563,0.173,43.4
2026-04-12 11:27:11,27.75,31.5,1.562,0.175,43.1
2026-04-12 11:27:13,27.75,31.5,1.556,0.145,43.1
2026-04-12 11:27:15,27.75,31.5,1.546,0.183,43.1
2026-04-12 11:27:17,27.75,31.5,1.529,0.162,43.1
2026-04-12 11:27:19,27.75,31.5,1.534,0.157,43.4
2026-04-12 11:27:21,27.75,31.5,1.545,0.199,43.1
2026-04-12 11:27:23,27.75,31.5,1.563,0.194,43.4
2026-04-12 11:27:25,27.75,31.5,1.565,0.175,43.1
2026-04-12 11:27:27,27.75,31.75,1.549,0.154,43.4
2026-04-12 11:27:29,27.75,31.75,1.535,0.171,43.4
2026-04-12 11:27:31,27.75,31.75,1.557,0.137,43.1
2026-04-12 11:27:33,27.75,31.75,1.574,0.185,43.4
2026-04-12 11:27:35,27.75,31.75,1.554,0.144,43.1
2026-04-12 11:27:37,27.75,31.75,1.539,0.16,43.1
2026-04-12 11:27:39,27.75,31.75,1.552,0.143,43.1
2026-04-12 11:27:41,27.75,31.75,1.578,0.188,43.4
2026-04-12 11:27:43,27.75,31.75,1.557,0.212,43.1
2026-04-12 11:27:45,27.75,31.75,1.537,0.165,43.4
2026-04-12 11:27:47,27.75,31.75,1.56,0.178,43.1
2026-04-12 11:27:49,27.75,31.75,1.57,0.192,43.4
2026-04-12 11:27:51,27.75,31.75,1.546,0.146,43.1
2026-04-12 11:27:53,27.75,31.75,1.547,0.129,43.4
2026-04-12 11:27:55,27.75,31.75,1.571,0.186,43.1
2026-04-12 11:27:57,27.75,31.75,1.552,0.138,43.1
2026-04-12 11:27:59,27.75,31.75,1.536,0.154,43.1
2026-04-12 11:28:01,27.75,31.75,1.56,0.206,43.1
2026-04-12 11:28:03,27.75,31.75,1.553,0.181,43.1
2026-04-12 11:28:05,27.75,31.75,1.538,0.138,43.4
2026-04-12 11:28:07,27.75,31.75,1.568,0.134,43.1
2026-04-12 11:28:09,27.75,31.75,1.552,0.145,43.1
2026-04-12 11:28:11,27.75,31.75,1.547,0.158,43.4
2026-04-12 11:28:13,27.75,31.75,1.566,0.154,43.4
2026-04-12 11:28:15,27.75,31.75,1.532,0.173,43.1
2026-04-12 11:28:17,27.75,31.75,1.569,0.178,43.1
2026-04-12 11:28:19,27.75,31.75,1.54,0.175,43.1
2026-04-12 11:28:21,27.75,32.0,1.557,0.165,43.1
2026-04-12 11:28:23,27.75,31.75,1.554,0.189,43.1
2026-04-12 11:28:25,27.75,32.0,1.541,0.171,43.4
2026-04-12 11:28:27,27.75,32.0,1.567,0.156,43.1
2026-04-12 11:28:29,27.75,32.0,1.537,0.127,43.1
2026-04-12 11:28:31,27.75,32.0,1.571,0.157,43.1
2026-04-12 11:28:33,27.75,32.0,1.537,0.162,43.4
2026-04-12 11:28:35,27.75,32.0,1.564,0.166,43.1
2026-04-12 11:28:37,27.75,32.0,1.539,0.157,43.1
2026-04-12 11:28:39,27.75,32.0,1.572,0.159,43.1
2026-04-12 11:28:41,27.75,32.0,1.536,0.182,43.4
2026-04-12 11:28:43,27.75,32.0,1.568,0.159,43.4
2026-04-12 11:28:45,27.75,32.0,1.536,0.193,43.1
2026-04-12 11:28:47,27.75,32.0,1.565,0.149,43.1
2026-04-12 11:28:49,27.75,32.0,1.537,0.154,43.1
2026-04-12 11:28:51,27.75,32.0,1.569,0.149,43.1
2026-04-12 11:28:53,27.75,32.0,1.536,0.162,43.1
2026-04-12 11:28:55,27.75,32.0,1.565,0.146,43.1
2026-04-12 11:28:57,27.75,32.0,1.552,0.152,43.4
2026-04-12 11:28:59,27.75,32.0,1.544,0.197,43.4
2026-04-12 11:29:01,27.75,32.0,1.569,0.183,43.1
2026-04-12 11:29:03,27.75,32.0,1.536,0.187,43.1
2026-04-12 11:29:05,27.75,32.0,1.559,0.188,43.1
2026-04-12 11:29:07,27.75,32.0,1.565,0.173,43.4
2026-04-12 11:29:09,27.75,32.0,1.54,0.145,43.1
2026-04-12 11:29:11,27.75,32.0,1.566,0.138,43.1
2026-04-12 11:29:13,27.75,32.0,1.566,0.196,43.4
2026-04-12 11:29:15,27.75,32.0,1.539,0.129,43.1
2026-04-12 11:29:17,28.0,32.0,1.572,0.197,43.1
2026-04-12 11:29:19,27.75,32.0,1.543,0.184,43.1
2026-04-12 11:29:21,27.75,32.0,1.55,0.154,43.1
2026-04-12 11:29:23,27.75,32.0,1.558,0.166,43.1
2026-04-12 11:29:25,27.75,32.0,1.546,0.143,43.1
2026-04-12 11:29:27,27.75,32.25,1.566,0.183,43.1
2026-04-12 11:29:29,27.75,32.0,1.542,0.173,43.4
2026-04-12 11:29:31,28.0,32.25,1.569,0.152,43.1
2026-04-12 11:29:33,28.0,32.25,1.54,0.149,43.4
2026-04-12 11:29:35,28.0,32.25,1.567,0.15,43.4
2026-04-12 11:29:37,28.0,32.25,1.539,0.122,43.1
2026-04-12 11:29:39,27.75,32.25,1.569,0.165,43.1
2026-04-12 11:29:41,28.0,32.25,1.537,0.161,43.1
2026-04-12 11:29:43,28.0,32.25,1.57,0.166,43.4
2026-04-12 11:29:45,28.0,32.25,1.536,0.219,43.1
2026-04-12 11:29:47,28.0,32.25,1.566,0.16,43.4
2026-04-12 11:29:49,28.0,32.25,1.555,0.175,43.1
2026-04-12 11:29:51,28.0,32.25,1.547,0.176,43.1
2026-04-12 11:29:53,28.0,32.25,1.575,0.17,43.1
2026-04-12 11:29:55,28.0,32.25,1.539,0.14,43.1
2026-04-12 11:29:57,28.0,32.25,1.55,0.15,43.1
2026-04-12 11:29:59,28.0,32.25,1.569,0.185,43.4
2026-04-12 11:30:01,28.0,32.25,1.539,0.192,43.4
2026-04-12 11:30:03,28.0,32.25,1.557,0.193,43.1
2026-04-12 11:30:05,28.0,32.25,1.564,0.176,43.1
2026-04-12 11:30:07,28.0,32.25,1.539,0.162,43.1
2026-04-12 11:30:09,28.0,32.25,1.561,0.166,43.1
2026-04-12 11:30:11,28.0,32.25,1.574,0.165,43.1
2026-04-12 11:30:13,28.0,32.25,1.546,0.166,43.4
2026-04-12 11:30:15,28.0,32.25,1.539,0.173,43.1
2026-04-12 11:30:17,28.0,32.25,1.559,0.192,43.1
2026-04-12 11:30:19,28.0,32.25,1.569,0.166,43.1
2026-04-12 11:30:21,28.0,32.25,1.552,0.159,43.1
2026-04-12 11:30:23,28.0,32.25,1.538,0.168,43.1
2026-04-12 11:30:25,28.0,32.25,1.544,0.147,43.1
2026-04-12 11:30:27,28.0,32.25,1.566,0.153,43.1
2026-04-12 11:30:29,28.0,32.25,1.572,0.142,43.1
2026-04-12 11:30:31,28.0,32.25,1.559,0.145,43.4
2026-04-12 11:30:33,28.0,32.25,1.541,0.163,43.1
2026-04-12 11:30:35,28.0,32.25,1.541,0.162,43.1
2026-04-12 11:30:37,28.0,32.25,1.556,0.181,43.4
2026-04-12 11:30:39,28.0,32.25,1.572,0.192,43.4
2026-04-12 11:30:41,28.0,32.5,1.572,0.132,43.4
2026-04-12 11:30:43,28.0,32.25,1.572,0.161,43.1
2026-04-12 11:30:45,28.0,32.5,1.575,0.182,43.4
2026-04-12 11:30:47,28.0,32.5,1.573,0.172,43.1
2026-04-12 11:30:49,28.0,32.5,1.572,0.197,43.1
2026-04-12 11:30:51,28.0,32.5,1.563,0.15,43.1
2026-04-12 11:30:53,28.0,32.5,1.556,0.155,43.1
2026-04-12 11:30:55,28.0,32.5,1.537,0.189,43.4
2026-04-12 11:30:57,28.0,32.5,1.535,0.165,43.1
2026-04-12 11:30:59,28.0,32.5,1.548,0.159,43.1
2026-04-12 11:31:01,28.0,32.5,1.564,0.155,43.1
2026-04-12 11:31:03,28.0,32.5,1.568,0.203,43.1
2026-04-12 11:31:05,28.0,32.5,1.566,0.167,43.1
2026-04-12 11:31:07,28.0,32.5,1.554,0.195,43.1
2026-04-12 11:31:09,28.0,32.5,1.546,0.178,43.1
2026-04-12 11:31:11,28.0,32.5,1.541,0.172,43.1
2026-04-12 11:31:13,28.0,32.5,1.538,0.187,43.1
2026-04-12 11:31:15,28.0,32.5,1.531,0.152,43.4
2026-04-12 11:31:17,28.0,32.5,1.533,0.179,43.4
2026-04-12 11:31:19,28.0,32.5,1.541,0.202,43.4
2026-04-12 11:31:21,28.0,32.5,1.551,0.193,43.1
2026-04-12 11:31:23,28.0,32.5,1.563,0.158,43.4
2026-04-12 11:31:25,28.0,32.5,1.576,0.184,43.1
2026-04-12 11:31:27,28.0,32.5,1.565,0.184,43.1
2026-04-12 11:31:29,28.0,32.5,1.564,0.148,43.1
2026-04-12 11:31:31,28.0,32.5,1.564,0.197,43.1
2026-04-12 11:31:33,28.0,32.5,1.549,0.205,43.1
2026-04-12 11:31:35,28.0,32.5,1.546,0.196,43.1
2026-04-12 11:31:37,28.0,32.75,1.541,0.221,43.4
2026-04-12 11:31:39,28.0,32.5,1.533,0.218,43.1
2026-04-12 11:31:41,28.0,32.75,1.534,0.158,43.4
2026-04-12 11:31:43,28.0,32.75,1.546,0.188,43.4
2026-04-12 11:31:45,28.0,32.75,1.553,0.14,43.1
2026-04-12 11:31:47,28.0,32.75,1.571,0.162,43.1
2026-04-12 11:31:49,28.0,32.75,1.567,0.196,43.1
2026-04-12 11:31:51,28.0,32.75,1.565,0.184,43.4
2026-04-12 11:31:53,28.0,32.75,1.565,0.16,43.1
2026-04-12 11:31:55,28.0,32.75,1.566,0.169,43.4
2026-04-12 11:31:57,28.0,32.75,1.565,0.143,43.1
2026-04-12 11:31:59,28.0,32.75,1.562,0.189,43.1
2026-04-12 11:32:01,28.0,32.75,1.565,0.168,43.1
2026-04-12 11:32:03,28.0,32.75,1.552,0.184,43.4
2026-04-12 11:32:05,28.0,32.75,1.54,0.154,43.1
2026-04-12 11:32:07,28.0,32.75,1.535,0.208,43.1
2026-04-12 11:32:09,28.0,32.75,1.539,0.203,43.1
2026-04-12 11:32:11,28.0,32.75,1.545,0.202,43.1
2026-04-12 11:32:13,28.0,32.75,1.553,0.148,43.4
2026-04-12 11:32:15,28.0,32.75,1.561,0.192,43.1
2026-04-12 11:32:17,28.0,32.75,1.567,0.171,43.1
2026-04-12 11:32:19,28.0,32.75,1.567,0.173,43.1
2026-04-12 11:32:21,28.0,32.75,1.559,0.207,43.1
2026-04-12 11:32:23,28.0,32.75,1.55,0.227,43.4
2026-04-12 11:32:25,28.0,32.75,1.544,0.19,43.4
2026-04-12 11:32:27,28.0,32.75,1.537,0.186,43.4
2026-04-12 11:32:29,28.0,32.75,1.534,0.169,43.4
2026-04-12 11:32:31,28.0,32.75,1.543,0.145,43.1
2026-04-12 11:32:33,28.0,33.0,1.554,0.158,43.4
2026-04-12 11:32:35,28.0,33.0,1.571,0.236,43.1
2026-04-12 11:32:37,28.0,33.0,1.562,0.209,43.4
2026-04-12 11:32:39,28.0,33.0,1.562,0.175,43.1
2026-04-12 11:32:41,28.0,33.0,1.552,0.164,43.4
2026-04-12 11:32:43,28.0,33.0,1.55,0.167,43.1
2026-04-12 11:32:45,28.0,33.0,1.545,0.154,43.4
2026-04-12 11:32:47,28.0,33.0,1.542,0.17,43.1
2026-04-12 11:32:49,28.25,33.0,1.538,0.197,43.1
2026-04-12 11:32:51,28.25,33.0,1.539,0.188,43.1
2026-04-12 11:32:53,28.25,33.0,1.543,0.214,43.4
2026-04-12 11:32:55,28.25,33.0,1.54,0.205,43.1
2026-04-12 11:32:57,28.25,33.0,1.548,0.171,43.1
2026-04-12 11:32:59,28.25,33.0,1.556,0.159,43.1
2026-04-12 11:33:01,28.25,33.0,1.566,0.169,43.4
2026-04-12 11:33:03,28.25,33.0,1.569,0.194,43.4
2026-04-12 11:33:05,28.25,33.0,1.554,0.169,43.4
2026-04-12 11:33:07,28.25,33.0,1.543,0.181,43.1
2026-04-12 11:33:09,28.25,33.0,1.537,0.164,43.1
2026-04-12 11:33:11,28.25,33.0,1.551,0.167,43.1
2026-04-12 11:33:13,28.25,33.0,1.57,0.154,43.1
2026-04-12 11:33:15,28.25,33.0,1.57,0.215,43.1
2026-04-12 11:33:17,28.25,33.0,1.546,0.178,43.1
2026-04-12 11:33:19,28.25,33.0,1.537,0.174,43.1
2026-04-12 11:33:21,28.25,33.0,1.566,0.18,43.1
2026-04-12 11:33:23,28.25,33.0,1.559,0.208,43.1
2026-04-12 11:33:25,28.25,33.0,1.535,0.161,43.1
2026-04-12 11:33:27,28.25,33.0,1.553,0.16,43.4
2026-04-12 11:33:29,28.25,33.0,1.566,0.176,43.1
2026-04-12 11:33:31,28.25,33.0,1.536,0.193,43.4
2026-04-12 11:33:33,28.25,33.0,1.559,0.174,43.4
2026-04-12 11:33:35,28.25,33.0,1.561,0.171,43.4
2026-04-12 11:33:37,28.25,33.0,1.535,0.175,43.4
2026-04-12 11:33:39,28.25,33.0,1.571,0.168,43.4
2026-04-12 11:33:41,28.25,33.0,1.542,0.14,43.1
2026-04-12 11:33:43,28.25,33.0,1.558,0.194,43.1
2026-04-12 11:33:45,28.25,33.0,1.548,0.191,43.1
2026-04-12 11:33:47,28.25,33.25,1.55,0.169,43.1
2026-04-12 11:33:49,28.25,33.25,1.552,0.179,43.4
2026-04-12 11:33:51,28.25,33.25,1.553,0.231,43.4
2026-04-12 11:33:53,28.25,33.25,1.559,0.151,43.4
2026-04-12 11:33:55,28.25,33.25,1.541,0.171,43.4
2026-04-12 11:33:57,28.25,33.25,1.571,0.155,43.1
2026-04-12 11:33:59,28.25,33.25,1.53,0.184,43.1
2026-04-12 11:34:01,28.25,33.25,1.558,0.181,43.1
2026-04-12 11:34:03,28.25,33.25,1.557,0.188,43.4
2026-04-12 11:34:05,28.25,33.25,1.536,0.157,43.4
2026-04-12 11:34:07,28.25,33.25,1.539,0.18,43.4
2026-04-12 11:34:09,28.25,33.25,1.556,0.189,43.1
2026-04-12 11:34:11,28.25,33.25,1.561,0.169,43.1
2026-04-12 11:34:13,28.25,33.25,1.57,0.149,43.1
2026-04-12 11:34:15,28.25,33.25,1.57,0.162,43.1
2026-04-12 11:34:17,28.25,33.25,1.569,0.135,43.1
2026-04-12 11:34:19,28.25,33.25,1.556,0.15,43.1
2026-04-12 11:34:21,28.25,33.25,1.543,0.19,43.1
2026-04-12 11:34:23,28.25,33.25,1.538,0.146,43.4
2026-04-12 11:34:25,28.25,33.25,1.538,0.204,43.1
2026-04-12 11:34:27,28.25,33.25,1.534,0.183,43.1
2026-04-12 11:34:29,28.25,33.25,1.541,0.232,43.1
2026-04-12 11:34:31,28.25,33.25,1.55,0.175,43.1
2026-04-12 11:34:33,28.25,33.25,1.568,0.191,43.1
2026-04-12 11:34:35,28.25,33.25,1.568,0.171,43.1
2026-04-12 11:34:37,28.25,33.25,1.558,0.166,43.4
2026-04-12 11:34:39,28.25,33.25,1.548,0.142,43.1
2026-04-12 11:34:41,28.25,33.25,1.536,0.136,43.4
2026-04-12 11:34:43,28.25,33.25,1.538,0.13,43.1
2026-04-12 11:34:45,28.25,33.25,1.55,0.231,43.1
2026-04-12 11:34:47,28.25,33.25,1.567,0.187,43.1
2026-04-12 11:34:49,28.25,33.25,1.565,0.148,43.4
2026-04-12 11:34:51,28.25,33.25,1.541,0.145,43.4
2026-04-12 11:34:53,28.25,33.25,1.542,0.218,43.4
2026-04-12 11:34:55,28.25,33.25,1.557,0.149,43.4
2026-04-12 11:34:57,28.25,33.25,1.569,0.167,43.1
2026-04-12 11:34:59,28.25,33.25,1.551,0.158,43.1
2026-04-12 11:35:01,28.25,33.25,1.537,0.169,43.1
2026-04-12 11:35:03,28.25,33.25,1.553,0.179,43.4
2026-04-12 11:35:05,28.25,33.25,1.561,0.223,43.1
2026-04-12 11:35:07,28.25,33.25,1.556,0.181,43.1
2026-04-12 11:35:09,28.25,33.5,1.535,0.131,43.4
2026-04-12 11:35:11,28.25,33.5,1.543,0.17,43.4
2026-04-12 11:35:13,28.25,33.5,1.563,0.168,43.1
2026-04-12 11:35:15,28.25,33.5,1.555,0.183,43.1
2026-04-12 11:35:17,28.25,33.5,1.541,0.153,43.1
2026-04-12 11:35:19,28.25,33.5,1.536,0.186,43.1
2026-04-12 11:35:21,28.25,33.5,1.539,0.19,43.1
2026-04-12 11:35:23,28.25,33.5,1.554,0.141,43.1
2026-04-12 11:35:25,28.25,33.5,1.563,0.156,43.1
2026-04-12 11:35:27,28.25,33.5,1.553,0.213,43.4
2026-04-12 11:35:29,28.25,33.5,1.533,0.155,43.4
2026-04-12 11:35:31,28.25,33.5,1.534,0.194,43.4
2026-04-12 11:35:33,28.25,33.5,1.56,0.168,43.4
2026-04-12 11:35:35,28.25,33.5,1.569,0.144,43.4
2026-04-12 11:35:37,28.25,33.5,1.555,0.215,43.1
2026-04-12 11:35:39,28.25,33.5,1.54,0.185,43.1
2026-04-12 11:35:41,28.25,33.5,1.537,0.165,43.1
2026-04-12 11:35:43,28.25,33.5,1.546,0.153,43.4
2026-04-12 11:35:45,28.25,33.5,1.556,0.195,43.4
2026-04-12 11:35:47,28.25,33.5,1.565,0.192,43.1
2026-04-12 11:35:49,28.25,33.5,1.568,0.202,43.4
2026-04-12 11:35:51,28.25,33.5,1.552,0.154,43.4
2026-04-12 11:35:53,28.25,33.5,1.539,0.204,43.4
2026-04-12 11:35:55,28.25,33.5,1.535,0.166,43.1
2026-04-12 11:35:57,28.25,33.5,1.546,0.177,43.4
2026-04-12 11:35:59,28.25,33.5,1.558,0.151,43.4
2026-04-12 11:36:01,28.25,33.5,1.565,0.212,43.4
2026-04-12 11:36:03,28.5,33.5,1.564,0.174,43.4
2026-04-12 11:36:05,28.5,33.5,1.55,0.178,43.1
2026-04-12 11:36:07,28.5,33.5,1.534,0.163,43.1
2026-04-12 11:36:09,28.5,33.5,1.535,0.164,43.1
2026-04-12 11:36:11,28.5,33.75,1.557,0.165,43.1
2026-04-12 11:36:13,28.25,33.75,1.56,0.148,43.4
2026-04-12 11:36:15,28.5,33.75,1.544,0.152,43.1
2026-04-12 11:36:17,28.5,33.75,1.529,0.166,43.4
2026-04-12 11:36:19,28.5,33.75,1.541,0.261,43.4
2026-04-12 11:36:21,28.5,33.75,1.566,0.172,43.4
2026-04-12 11:36:23,28.5,33.75,1.56,0.196,43.1
2026-04-12 11:36:25,28.5,33.75,1.547,0.166,43.1
2026-04-12 11:36:27,28.5,33.75,1.532,0.198,43.4
2026-04-12 11:36:29,28.5,33.75,1.545,0.19,43.1
2026-04-12 11:36:31,28.5,33.75,1.561,0.142,43.4
2026-04-12 11:36:33,28.5,33.75,1.556,0.181,43.4
2026-04-12 11:36:35,28.5,33.75,1.54,0.176,43.4
2026-04-12 11:36:37,28.5,33.75,1.536,0.189,43.1
2026-04-12 11:36:39,28.5,33.75,1.553,0.174,43.1
2026-04-12 11:36:41,28.5,33.75,1.565,0.171,43.1
2026-04-12 11:36:43,28.5,33.75,1.551,0.163,43.4
2026-04-12 11:36:45,28.5,33.75,1.532,0.169,43.4
2026-04-12 11:36:47,28.5,33.75,1.557,0.211,43.4
2026-04-12 11:36:49,28.5,33.75,1.556,0.187,43.1
2026-04-12 11:36:51,28.5,33.75,1.53,0.183,43.4
2026-04-12 11:36:53,28.5,33.75,1.561,0.155,43.4
2026-04-12 11:36:55,28.5,33.75,1.533,0.137,43.1
2026-04-12 11:36:57,28.5,33.75,1.557,0.15,43.4
2026-04-12 11:36:59,28.5,33.75,1.533,0.161,43.1
2026-04-12 11:37:01,28.5,33.75,1.564,0.162,43.4
2026-04-12 11:37:03,28.5,33.75,1.53,0.171,43.1
2026-04-12 11:37:05,28.5,33.75,1.561,0.172,43.1
2026-04-12 11:37:07,28.5,33.75,1.554,0.18,43.1
2026-04-12 11:37:09,28.5,33.75,1.543,0.156,43.4
2026-04-12 11:37:11,28.5,33.75,1.562,0.173,43.1
2026-04-12 11:37:13,28.5,33.75,1.534,0.232,43.1
2026-04-12 11:37:15,28.5,33.75,1.556,0.17,43.1
2026-04-12 11:37:17,28.5,33.75,1.546,0.198,43.1
2026-04-12 11:37:19,28.5,33.75,1.547,0.213,43.1
2026-04-12 11:37:21,28.5,33.75,1.556,0.201,43.1
2026-04-12 11:37:23,28.5,33.75,1.543,0.153,43.4
2026-04-12 11:37:25,28.5,33.75,1.55,0.182,43.1
2026-04-12 11:37:27,28.5,33.75,1.553,0.164,43.1
2026-04-12 11:37:29,28.5,33.75,1.545,0.188,43.4
2026-04-12 11:37:31,28.5,33.75,1.559,0.146,43.4
2026-04-12 11:37:33,28.5,33.75,1.54,0.184,43.4
2026-04-12 11:37:35,28.5,33.75,1.563,0.166,43.1
2026-04-12 11:37:37,28.5,33.75,1.534,0.155,43.1
2026-04-12 11:37:39,28.5,33.75,1.567,0.197,43.4
2026-04-12 11:37:41,28.5,33.75,1.533,0.144,43.1
2026-04-12 11:37:43,28.5,33.75,1.56,0.18,43.4
2026-04-12 11:37:45,28.5,33.75,1.538,0.163,43.4
2026-04-12 11:37:47,28.5,33.75,1.552,0.15,43.1
2026-04-12 11:37:49,28.5,33.75,1.556,0.179,43.4
2026-04-12 11:37:51,28.5,33.75,1.536,0.198,43.4
2026-04-12 11:37:53,28.5,33.75,1.571,0.181,43.4
2026-04-12 11:37:55,28.5,34.0,1.543,0.144,43.4
2026-04-12 11:37:57,28.5,33.75,1.552,0.188,43.1
2026-04-12 11:37:59,28.5,34.0,1.566,0.168,43.1
2026-04-12 11:38:01,28.5,34.0,1.539,0.171,43.1
2026-04-12 11:38:03,28.5,34.0,1.55,0.158,43.1
2026-04-12 11:38:05,28.5,34.0,1.566,0.159,43.4
2026-04-12 11:38:07,28.5,34.0,1.545,0.18,43.4
2026-04-12 11:38:09,28.5,34.0,1.54,0.175,43.1
2026-04-12 11:40:31,28.75,34.5,1.534,0.152,43.4
2026-04-12 11:40:33,28.75,34.5,1.557,0.158,43.1
2026-04-12 11:40:35,28.75,34.5,1.559,0.196,43.1
2026-04-12 11:40:37,28.75,34.5,1.535,0.152,43.4
2026-04-12 11:40:39,28.75,34.5,1.556,0.169,36.5
2026-04-12 11:40:41,28.75,34.5,1.541,0.173,43.1
2026-04-12 11:40:43,29.5,34.5,1.526,0.199,42.2
2026-04-12 11:40:45,30.0,34.5,1.55,0.176,43.4
2026-04-12 11:40:47,30.25,34.5,1.551,0.183,35.3
2026-04-12 11:40:49,30.75,34.5,1.53,0.166,43.1
2026-04-12 11:40:51,31.0,34.5,1.524,0.192,42.2
2026-04-12 11:40:53,31.75,34.5,1.548,0.155,35.3
2026-04-12 11:40:55,33.0,34.5,1.556,0.195,43.1
2026-04-12 11:40:57,33.0,34.5,1.534,0.127,43.1
2026-04-12 11:40:59,32.75,34.5,1.532,0.173,43.1
2026-04-12 11:41:01,32.75,34.5,1.561,0.179,18.2
2026-04-12 11:41:03,32.5,34.5,1.568,0.196,39.1
2026-04-12 11:41:05,31.75,34.5,1.559,0.176,46.2
2026-04-12 11:41:07,31.0,34.5,1.536,0.166,39.1
2026-04-12 11:41:09,30.75,34.5,1.534,0.163,40.2
2026-04-12 11:41:11,30.5,34.5,1.552,0.176,40.2
2026-04-12 11:41:13,30.25,34.5,1.563,0.155,40.5
2026-04-12 11:41:15,30.25,34.5,1.563,0.146,41.4
2026-04-12 11:41:17,30.0,34.5,1.553,0.201,39.3
2026-04-12 11:41:19,30.25,34.5,1.536,0.164,40.5
2026-04-12 11:41:21,30.25,34.5,1.546,0.179,39.1
2026-04-12 11:41:23,30.25,34.5,1.562,0.154,39.3
2026-04-12 11:41:25,30.25,34.5,1.567,0.172,32.2
2026-04-12 11:41:27,30.5,34.5,1.553,0.204,39.3
2026-04-12 11:41:29,30.5,34.5,1.536,0.151,32.2
2026-04-12 11:41:31,30.75,34.5,1.534,0.151,39.3
2026-04-12 11:41:33,30.75,34.5,1.557,0.16,39.3
2026-04-12 11:41:35,30.75,34.5,1.563,0.132,32.2
2026-04-12 11:41:37,31.0,34.5,1.54,0.162,39.3
2026-04-12 11:41:39,31.0,34.5,1.561,0.184,32.2
2026-04-12 11:41:41,31.0,34.5,1.565,0.177,39.3
2026-04-12 11:41:43,31.25,34.75,1.542,0.151,32.5
2026-04-12 11:41:45,31.25,34.75,1.573,0.151,32.5
2026-04-12 11:41:47,31.25,34.5,1.546,0.194,39.3
2026-04-12 11:41:49,31.5,34.75,1.547,0.167,39.3
2026-04-12 11:41:51,31.5,34.75,1.566,0.212,32.5
2026-04-12 11:41:53,31.5,34.75,1.536,0.154,39.3
2026-04-12 11:41:55,31.5,34.75,1.567,0.174,39.3
2026-04-12 11:41:57,31.5,34.75,1.551,0.17,39.3
2026-04-12 11:41:59,31.75,34.75,1.547,0.173,39.3
2026-04-12 11:42:01,31.75,34.75,1.568,0.152,39.3
2026-04-12 11:42:03,31.75,34.75,1.536,0.134,32.5
2026-04-12 11:42:05,31.75,34.75,1.568,0.175,32.2
2026-04-12 11:42:07,31.75,34.75,1.544,0.17,39.3
2026-04-12 11:42:09,31.75,34.75,1.564,0.178,32.2
2026-04-12 11:42:11,32.0,34.75,1.544,0.169,39.3
2026-04-12 11:42:13,31.75,34.75,1.552,0.176,39.1
2026-04-12 11:42:15,32.0,34.75,1.555,0.144,39.3
2026-04-12 11:42:17,32.0,34.75,1.547,0.162,39.3
2026-04-12 11:42:19,32.0,34.75,1.572,0.178,39.3
2026-04-12 11:42:21,32.0,34.75,1.539,0.166,32.2
2026-04-12 11:42:23,32.0,34.75,1.57,0.161,39.1
2026-04-12 11:42:25,32.0,34.75,1.545,0.147,32.2
2026-04-12 11:42:27,32.0,34.75,1.556,0.209,39.3
2026-04-12 11:42:29,32.0,34.75,1.565,0.176,32.2
2026-04-12 11:42:31,32.0,34.75,1.54,0.167,32.5
2026-04-12 11:42:33,32.0,35.0,1.569,0.147,39.1
2026-04-12 11:42:35,32.0,35.0,1.541,0.196,39.1
2026-04-12 11:42:37,32.0,35.0,1.556,0.182,39.3
2026-04-12 11:42:39,32.0,35.0,1.564,0.156,32.2
2026-04-12 11:42:41,32.0,35.0,1.539,0.159,39.3
2026-04-12 11:42:43,32.25,35.0,1.573,0.168,32.5
2026-04-12 11:42:45,32.25,35.0,1.558,0.167,32.5
2026-04-12 11:42:47,32.25,35.0,1.544,0.157,32.5
2026-04-12 11:42:49,32.25,35.0,1.571,0.188,32.2
2026-04-12 11:42:51,32.25,35.0,1.559,0.151,32.2
2026-04-12 11:42:53,32.25,35.0,1.54,0.165,32.2
2026-04-12 11:42:55,32.25,35.0,1.56,0.167,32.5
2026-04-12 11:42:57,32.25,35.0,1.567,0.191,32.2
2026-04-12 11:42:59,32.25,35.0,1.542,0.148,32.2
2026-04-12 11:43:01,32.25,35.0,1.54,0.15,32.5
2026-04-12 11:43:03,32.25,35.0,1.563,0.167,39.3
2026-04-12 11:43:05,32.25,35.0,1.571,0.173,32.2
2026-04-12 11:43:07,32.25,35.0,1.548,0.17,32.2
2026-04-12 11:43:09,32.25,35.0,1.539,0.182,39.1
2026-04-12 11:43:11,32.25,35.0,1.55,0.169,32.5
2026-04-12 11:43:13,32.25,35.0,1.566,0.192,32.2
2026-04-12 11:43:15,32.25,35.0,1.555,0.136,32.5
2026-04-12 11:43:17,32.25,35.0,1.542,0.146,39.3
2026-04-12 11:43:19,32.25,35.0,1.553,0.187,39.1
2026-04-12 11:43:21,32.25,35.0,1.567,0.204,39.3
2026-04-12 11:43:23,32.25,35.0,1.551,0.184,39.3
2026-04-12 11:43:25,32.25,35.0,1.54,0.169,39.1
2026-04-12 11:43:27,32.25,35.0,1.568,0.172,32.2
2026-04-12 11:43:29,32.25,35.0,1.568,0.188,32.5
2026-04-12 11:43:31,32.25,35.0,1.541,0.173,32.5
2026-04-12 11:43:33,32.25,35.0,1.544,0.16,39.3
2026-04-12 11:43:35,32.25,35.0,1.573,0.175,32.2
2026-04-12 11:43:37,32.25,35.0,1.567,0.169,32.5
2026-04-12 11:43:39,32.25,35.0,1.538,0.144,39.3
2026-04-12 11:43:41,32.25,35.0,1.551,0.177,32.5
2026-04-12 11:43:43,32.25,35.0,1.572,0.141,32.5
2026-04-12 11:43:45,32.25,35.0,1.54,0.148,32.5
2026-04-12 11:43:47,32.25,35.0,1.558,0.156,32.2
2026-04-12 11:43:49,32.25,35.0,1.569,0.151,32.2
2026-04-12 11:43:51,32.25,35.0,1.546,0.131,32.2
2026-04-12 11:43:53,32.25,35.0,1.54,0.197,39.3
2026-04-12 11:43:55,32.25,35.0,1.559,0.141,32.2
2026-04-12 11:43:57,32.25,35.0,1.571,0.142,32.2
2026-04-12 11:43:59,32.25,35.0,1.566,0.172,32.5
2026-04-12 11:44:01,32.25,35.0,1.548,0.175,39.1
2026-04-12 11:44:03,32.25,35.0,1.537,0.167,32.5
2026-04-12 11:44:05,32.25,35.0,1.548,0.149,32.5
2026-04-12 11:44:07,32.25,35.0,1.558,0.157,32.2
2026-04-12 11:44:09,32.25,35.25,1.567,0.161,32.2
2026-04-12 11:44:11,32.25,35.0,1.574,0.209,39.1
2026-04-12 11:44:13,32.25,35.25,1.561,0.117,39.3
2026-04-12 11:44:15,32.25,35.25,1.542,0.171,32.2
2026-04-12 11:44:17,32.25,35.25,1.541,0.156,32.2
2026-04-12 11:44:19,32.25,35.25,1.552,0.151,39.1
2026-04-12 11:44:21,32.25,35.25,1.565,0.16,39.3
2026-04-12 11:44:23,32.25,35.25,1.567,0.128,39.3
2026-04-12 11:44:25,32.25,35.25,1.572,0.134,32.5
2026-04-12 11:44:27,32.25,35.25,1.566,0.164,32.5
2026-04-12 11:44:29,32.25,35.25,1.569,0.138,39.3
2026-04-12 11:44:31,32.25,35.25,1.572,0.198,32.5
2026-04-12 11:44:33,32.25,35.25,1.565,0.141,39.3
2026-04-12 11:44:35,32.25,35.25,1.55,0.162,39.3
2026-04-12 11:44:37,32.25,35.25,1.539,0.148,39.3
2026-04-12 11:44:39,32.25,35.25,1.54,0.157,39.3
2026-04-12 11:44:41,32.25,35.25,1.558,0.149,39.1
2026-04-12 11:44:43,32.25,35.25,1.566,0.148,32.5
2026-04-12 11:44:45,32.25,35.25,1.553,0.155,32.5
2026-04-12 11:44:47,32.25,35.25,1.536,0.154,32.5
2026-04-12 11:44:49,32.25,35.25,1.558,0.175,32.2
2026-04-12 11:44:51,32.25,35.25,1.567,0.157,32.2
2026-04-12 11:44:53,32.25,35.25,1.545,0.177,39.3
2026-04-12 11:44:55,32.25,35.25,1.556,0.164,32.5
2026-04-12 11:44:57,32.25,35.25,1.564,0.173,32.2
2026-04-12 11:44:59,32.25,35.25,1.539,0.147,32.5
2026-04-12 11:45:01,32.25,35.25,1.567,0.156,32.5
2026-04-12 11:45:03,32.25,35.25,1.55,0.163,39.3
2026-04-12 11:45:05,32.25,35.25,1.55,0.179,39.3
2026-04-12 11:45:07,32.25,35.25,1.574,0.148,39.3
2026-04-12 11:45:09,32.25,35.25,1.54,0.168,32.5
2026-04-12 11:45:11,32.25,35.25,1.573,0.145,32.5
2026-04-12 11:45:13,32.25,35.25,1.55,0.172,32.2
2026-04-12 11:45:15,32.25,35.25,1.554,0.168,39.3
2026-04-12 11:45:17,32.25,35.5,1.575,0.177,32.5
2026-04-12 11:45:19,32.25,35.5,1.543,0.168,32.5
2026-04-12 11:45:21,32.25,35.5,1.55,0.133,32.5
2026-04-12 11:45:23,32.25,35.5,1.572,0.146,40.5
2026-04-12 11:45:25,32.25,35.5,1.554,0.16,32.2
2026-04-12 11:45:27,32.25,35.5,1.539,0.134,32.2
2026-04-12 11:45:29,32.25,35.5,1.556,0.205,32.5
2026-04-12 11:45:31,32.25,35.5,1.574,0.177,32.5
2026-04-12 11:45:33,32.25,35.5,1.564,0.187,32.5
2026-04-12 11:45:35,32.25,35.5,1.546,0.144,32.2
2026-04-12 11:45:37,32.25,35.5,1.541,0.16,32.5
2026-04-12 11:45:39,32.25,35.5,1.554,0.148,32.2
2026-04-12 11:45:41,32.25,35.5,1.569,0.184,32.5
2026-04-12 11:45:43,32.25,35.5,1.566,0.238,32.5
2026-04-12 11:45:45,32.25,35.5,1.553,0.162,40.2
2026-04-12 11:45:47,32.25,35.5,1.541,0.145,40.2
2026-04-12 11:45:49,32.25,35.5,1.549,0.215,39.3
2026-04-12 11:45:51,32.25,35.5,1.566,0.189,32.5
2026-04-12 11:45:53,32.25,35.5,1.578,0.139,32.5
2026-04-12 11:45:55,32.25,35.5,1.565,0.157,32.5
2026-04-12 11:45:57,32.25,35.5,1.561,0.171,39.3
2026-04-12 11:45:59,32.25,35.5,1.558,0.146,39.3
2026-04-12 11:46:01,32.25,35.5,1.559,0.182,39.3
2026-04-12 11:46:03,32.25,35.5,1.563,0.155,32.5
2026-04-12 11:46:05,32.25,35.5,1.571,0.158,40.2
2026-04-12 11:46:07,32.25,35.5,1.569,0.16,40.2
2026-04-12 11:46:09,32.25,35.5,1.565,0.143,32.5
2026-04-12 11:46:11,32.25,35.5,1.557,0.18,40.2
2026-04-12 11:46:13,32.25,35.5,1.546,0.204,40.5
2026-04-12 11:46:15,32.25,35.5,1.537,0.14,40.5
2026-04-12 11:46:17,32.25,35.5,1.544,0.148,32.2
2026-04-12 11:46:19,32.25,35.5,1.551,0.22,40.2
2026-04-12 11:46:21,32.25,35.5,1.567,0.154,40.2
2026-04-12 11:46:23,32.25,35.5,1.569,0.149,32.5
2026-04-12 11:46:25,32.25,35.5,1.567,0.161,40.2
2026-04-12 11:46:27,32.25,35.5,1.553,0.163,32.5
2026-04-12 11:46:29,32.0,35.5,1.54,0.177,32.2
2026-04-12 11:46:31,32.0,35.75,1.546,0.153,40.5
2026-04-12 11:46:33,32.0,35.5,1.565,0.133,40.5
2026-04-12 11:46:35,32.0,35.5,1.575,0.15,40.5
2026-04-12 11:46:37,32.0,35.75,1.563,0.15,40.2
2026-04-12 11:46:39,32.0,35.75,1.535,0.138,40.2
2026-04-12 11:46:41,32.0,35.75,1.559,0.169,40.2
2026-04-12 11:46:43,32.0,35.75,1.567,0.176,40.2
2026-04-12 11:46:45,32.0,35.75,1.543,0.162,40.2
2026-04-12 11:46:47,32.0,35.5,1.55,0.173,40.5
2026-04-12 11:46:49,32.0,35.5,1.58,0.172,40.5
2026-04-12 11:46:51,32.0,35.75,1.562,0.158,40.2
2026-04-12 11:46:53,32.0,35.75,1.543,0.162,40.5
2026-04-12 11:46:55,32.0,35.5,1.557,0.159,40.2
2026-04-12 11:46:57,32.0,35.5,1.578,0.203,40.2
2026-04-12 11:46:59,32.0,35.5,1.565,0.14,40.2
2026-04-12 11:47:01,32.0,35.5,1.539,0.188,40.2
2026-04-12 11:47:03,32.0,35.5,1.557,0.149,40.5
2026-04-12 11:47:05,32.0,35.5,1.567,0.171,40.5
2026-04-12 11:47:07,32.0,35.5,1.538,0.13,40.2
2026-04-12 11:47:09,32.0,35.5,1.57,0.181,40.2
2026-04-12 11:47:11,32.0,35.5,1.557,0.166,40.5
2026-04-12 11:47:13,32.0,35.5,1.545,0.147,40.2
2026-04-12 11:47:15,32.0,35.5,1.578,0.182,40.2
2026-04-12 11:47:17,32.0,35.5,1.55,0.186,40.2
2026-04-12 11:47:19,32.0,35.5,1.538,0.161,40.2
2026-04-12 11:47:21,32.0,35.5,1.56,0.156,40.5
2026-04-12 11:47:23,32.0,35.5,1.564,0.17,40.2
2026-04-12 11:47:25,32.0,35.5,1.539,0.149,40.2
2026-04-12 11:47:27,32.0,35.5,1.555,0.149,40.2
2026-04-12 11:47:29,32.0,35.5,1.565,0.181,40.2
2026-04-12 11:47:31,32.0,35.5,1.541,0.152,40.2
2026-04-12 11:47:33,32.0,35.5,1.543,0.168,40.5
2026-04-12 11:47:35,32.0,35.5,1.569,0.168,40.5
2026-04-12 11:47:37,32.0,35.5,1.554,0.155,40.5
2026-04-12 11:47:39,32.0,35.5,1.539,0.174,40.2
2026-04-12 11:47:41,32.0,35.5,1.555,0.14,40.5
2026-04-12 11:47:43,32.0,35.5,1.573,0.185,40.5
2026-04-12 11:47:45,32.0,35.75,1.552,0.154,40.5
2026-04-12 11:47:47,32.0,35.5,1.536,0.153,40.2
2026-04-12 11:47:49,32.0,35.5,1.544,0.142,40.5
2026-04-12 11:47:51,32.0,35.5,1.564,0.144,40.2
2026-04-12 11:47:53,32.0,35.5,1.562,0.156,40.5
2026-04-12 11:47:55,32.0,35.5,1.546,0.162,40.5
2026-04-12 11:47:57,32.0,35.5,1.54,0.131,40.2
2026-04-12 11:47:59,32.0,35.5,1.559,0.165,40.5
2026-04-12 11:48:01,32.0,35.75,1.566,0.171,40.2
2026-04-12 11:48:03,32.0,35.75,1.548,0.186,40.2
2026-04-12 11:48:05,32.0,35.75,1.538,0.141,40.5
2026-04-12 11:48:07,32.0,35.5,1.557,0.172,40.5
2026-04-12 11:48:09,32.0,35.75,1.567,0.162,40.2
2026-04-12 11:48:11,32.0,35.75,1.558,0.14,40.2
2026-04-12 11:48:13,32.0,35.75,1.542,0.15,40.5
2026-04-12 11:48:15,32.0,35.75,1.539,0.155,40.5
2026-04-12 11:48:17,32.0,35.75,1.538,0.149,40.5
2026-04-12 11:48:19,32.0,35.75,1.547,0.148,40.2
2026-04-12 11:48:21,32.0,35.75,1.556,0.179,40.2
2026-04-12 11:48:23,32.0,35.75,1.556,0.182,40.5
2026-04-12 11:48:25,32.0,35.75,1.558,0.128,40.5
2026-04-12 11:48:27,32.0,35.75,1.559,0.173,40.5
2026-04-12 11:48:29,32.0,35.75,1.564,0.164,40.2
2026-04-12 11:48:31,32.0,35.75,1.568,0.142,40.2
2026-04-12 11:48:33,32.0,35.75,1.571,0.16,40.5
2026-04-12 11:48:35,32.0,35.75,1.571,0.141,40.2
2026-04-12 11:48:37,32.0,35.75,1.572,0.163,40.5
2026-04-12 11:48:39,32.0,35.75,1.568,0.145,40.5
2026-04-12 11:48:41,32.0,35.75,1.566,0.172,40.5
2026-04-12 11:48:43,32.0,35.75,1.565,0.133,40.2
2026-04-12 11:48:45,32.0,35.75,1.558,0.185,40.2
2026-04-12 11:48:47,32.0,35.75,1.547,0.162,40.2
2026-04-12 11:48:49,32.0,35.75,1.544,0.168,40.2
2026-04-12 11:48:51,32.0,35.75,1.538,0.145,40.2
2026-04-12 11:48:53,32.0,35.75,1.544,0.175,40.2
2026-04-12 11:48:55,32.0,35.75,1.562,0.145,40.5
2026-04-12 11:48:57,32.0,35.75,1.565,0.143,40.2
2026-04-12 11:48:59,32.0,35.75,1.548,0.143,40.2
2026-04-12 11:49:01,32.0,35.75,1.537,0.135,40.5
2026-04-12 11:49:03,32.0,35.75,1.548,0.169,40.5
2026-04-12 11:49:05,32.0,35.75,1.565,0.166,40.2
2026-04-12 11:49:07,32.0,35.75,1.562,0.141,40.2
2026-04-12 11:49:09,32.0,35.75,1.545,0.173,40.2
2026-04-12 11:49:11,32.0,35.75,1.546,0.183,40.2
2026-04-12 11:49:13,32.0,35.75,1.569,0.16,40.5
2026-04-12 11:49:15,32.0,35.75,1.552,0.148,40.5
2026-04-12 11:49:17,32.0,35.75,1.537,0.151,40.2
2026-04-12 11:49:19,32.0,35.75,1.562,0.156,40.2
2026-04-12 11:49:21,32.0,35.75,1.562,0.137,40.2
2026-04-12 11:49:23,32.0,35.75,1.541,0.165,40.2
2026-04-12 11:49:25,32.0,35.75,1.556,0.148,40.5
2026-04-12 11:49:27,32.0,35.75,1.569,0.135,40.2
2026-04-12 11:49:29,32.0,35.75,1.553,0.147,40.5
2026-04-12 11:49:31,32.0,35.75,1.541,0.193,40.5
2026-04-12 11:49:33,32.0,35.75,1.552,0.196,40.5
2026-04-12 11:49:35,32.0,35.75,1.575,0.147,40.2
2026-04-12 11:49:37,32.0,35.75,1.561,0.164,40.2
2026-04-12 11:49:39,32.0,35.75,1.55,0.157,40.2
2026-04-12 11:49:41,32.0,35.75,1.539,0.146,40.2
2026-04-12 11:49:43,32.0,35.75,1.544,0.134,40.2
2026-04-12 11:49:45,32.0,35.75,1.55,0.158,40.5
2026-04-12 11:49:47,32.0,35.75,1.554,0.192,40.5
2026-04-12 11:49:49,32.0,35.75,1.557,0.204,40.2
2026-04-12 11:49:51,32.0,35.75,1.562,0.148,40.2
2026-04-12 11:49:53,32.0,35.75,1.562,0.128,40.2
2026-04-12 11:49:55,32.0,36.0,1.557,0.163,40.2
2026-04-12 11:49:57,32.0,35.75,1.567,0.16,40.5
2026-04-12 11:49:59,32.0,36.0,1.565,0.191,40.5
2026-04-12 11:50:01,32.0,36.0,1.563,0.168,40.5
2026-04-12 11:50:03,32.0,36.0,1.55,0.139,40.5
2026-04-12 11:50:05,32.0,36.0,1.538,0.147,40.5
2026-04-12 11:50:07,32.0,36.0,1.534,0.149,40.2
2026-04-12 11:50:09,32.0,36.0,1.546,0.192,40.2
2026-04-12 11:50:11,32.0,36.0,1.566,0.162,40.2
2026-04-12 11:50:13,32.0,36.0,1.556,0.191,40.2
2026-04-12 11:50:15,32.0,36.0,1.543,0.142,40.5
2026-04-12 11:50:17,32.0,36.0,1.536,0.128,40.2
2026-04-12 11:50:19,32.0,36.0,1.546,0.159,40.5
2026-04-12 11:50:21,32.0,36.0,1.566,0.144,40.5
2026-04-12 11:50:23,32.0,36.0,1.565,0.168,40.2
2026-04-12 11:50:25,32.0,36.0,1.558,0.116,40.2
2026-04-12 11:50:27,32.0,36.0,1.542,0.156,40.2
2026-04-12 11:50:29,32.0,36.0,1.534,0.159,40.5
2026-04-12 11:50:31,32.0,36.0,1.544,0.126,40.5
2026-04-12 11:50:33,32.0,36.0,1.558,0.152,40.5
2026-04-12 11:50:35,32.0,36.0,1.566,0.153,40.5
2026-04-12 11:50:37,32.0,36.0,1.571,0.156,40.2
2026-04-12 11:50:39,32.0,36.0,1.568,0.147,40.2
2026-04-12 11:50:41,32.0,36.0,1.561,0.166,40.5
2026-04-12 11:50:43,32.0,36.0,1.554,0.178,40.5
2026-04-12 11:50:45,32.0,36.0,1.548,0.146,40.2
2026-04-12 11:50:47,32.0,36.0,1.537,0.152,40.2
2026-04-12 11:50:49,32.0,36.0,1.536,0.17,40.5
2026-04-12 11:50:51,32.0,36.0,1.551,0.143,40.5
2026-04-12 11:50:53,32.0,36.0,1.563,0.158,40.2
2026-04-12 11:50:55,32.0,36.0,1.568,0.158,40.5
2026-04-12 11:50:57,32.0,36.0,1.56,0.147,40.5
2026-04-12 11:50:59,32.0,36.0,1.548,0.134,40.2
2026-04-12 11:51:01,32.0,36.0,1.538,0.179,40.2
2026-04-12 11:51:03,32.0,36.0,1.538,0.177,40.2
2026-04-12 11:51:05,32.0,36.0,1.549,0.151,40.5
2026-04-12 11:51:07,32.0,36.0,1.568,0.187,40.2
2026-04-12 11:51:09,32.0,36.0,1.568,0.169,40.5
2026-04-12 11:51:11,32.0,36.0,1.54,0.183,40.2
2026-04-12 11:51:13,32.0,36.0,1.549,0.172,40.5
2026-04-12 11:51:15,32.0,36.0,1.577,0.176,40.5
2026-04-12 11:51:17,32.0,36.0,1.544,0.182,40.5
2026-04-12 11:51:19,32.0,36.0,1.559,0.157,40.2
2026-04-12 11:51:21,32.0,36.0,1.567,0.171,40.5
2026-04-12 11:51:23,32.0,36.0,1.541,0.152,40.2
2026-04-12 11:51:25,32.0,36.0,1.569,0.172,40.2
2026-04-12 11:51:27,32.0,36.0,1.542,0.151,40.2
2026-04-12 11:51:29,32.0,36.0,1.568,0.16,40.5
2026-04-12 11:51:31,32.0,36.0,1.544,0.176,40.2
2026-04-12 11:51:33,32.0,36.0,1.572,0.177,40.5
2026-04-12 11:51:35,32.0,36.0,1.549,0.152,40.5
2026-04-12 11:51:37,32.0,36.0,1.56,0.133,40.5
2026-04-12 11:51:39,32.0,36.0,1.556,0.157,40.5
2026-04-12 11:51:41,32.0,36.0,1.551,0.169,40.2
2026-04-12 11:51:43,32.0,36.0,1.561,0.2,40.2
2026-04-12 11:51:45,32.0,36.0,1.549,0.201,40.5
2026-04-12 11:51:47,32.0,36.0,1.569,0.167,40.2
2026-04-12 11:51:49,32.0,36.0,1.537,0.142,40.2
2026-04-12 11:51:51,32.0,36.0,1.568,0.15,40.5
2026-04-12 11:51:53,32.0,36.0,1.545,0.169,40.5
2026-04-12 11:51:55,32.0,36.0,1.575,0.167,40.5
2026-04-12 11:51:57,32.0,36.0,1.542,0.187,40.2
2026-04-12 11:51:59,32.0,36.0,1.573,0.15,40.2
2026-04-12 11:52:01,32.0,36.0,1.547,0.133,40.5
2026-04-12 11:52:03,32.0,36.0,1.561,0.157,40.2
2026-04-12 11:52:05,32.0,36.0,1.56,0.156,40.5
2026-04-12 11:52:07,32.0,36.0,1.547,0.187,40.2
2026-04-12 11:52:09,32.0,36.0,1.569,0.174,40.5
2026-04-12 11:52:11,32.0,36.0,1.54,0.181,40.2
2026-04-12 11:52:13,32.0,36.0,1.572,0.147,40.5
2026-04-12 11:52:15,32.0,36.0,1.556,0.14,40.5
2026-04-12 11:52:17,32.0,36.25,1.548,0.181,40.2
2026-04-12 11:52:19,32.0,36.0,1.571,0.201,40.2
2026-04-12 11:52:21,32.0,36.0,1.557,0.161,33.3
2026-04-12 11:52:23,32.0,36.0,1.536,0.143,40.2
2026-04-12 11:52:25,32.0,36.25,1.554,0.157,40.2
2026-04-12 11:52:27,32.0,36.25,1.57,0.162,40.5
2026-04-12 11:52:29,32.0,36.25,1.541,0.183,40.2
2026-04-12 11:52:31,32.0,36.25,1.543,0.146,40.5
2026-04-12 11:52:33,32.0,36.25,1.567,0.172,40.2
2026-04-12 11:52:35,32.0,36.25,1.56,0.171,40.2
2026-04-12 11:52:37,32.0,36.25,1.536,0.167,40.2
2026-04-12 11:52:39,32.0,36.25,1.547,0.217,40.2
2026-04-12 11:52:41,32.0,36.25,1.567,0.205,40.5
2026-04-12 11:52:43,32.0,36.25,1.555,0.141,40.5
2026-04-12 11:52:45,32.0,36.25,1.528,0.135,40.2
2026-04-12 11:52:47,32.0,36.25,1.549,0.178,40.2
2026-04-12 11:52:49,32.0,36.25,1.562,0.17,40.2
2026-04-12 11:52:51,32.0,36.25,1.546,0.136,40.2
2026-04-12 11:52:53,32.0,36.25,1.532,0.168,40.2
2026-04-12 11:52:55,32.0,36.25,1.539,0.124,40.2
2026-04-12 11:52:57,32.0,36.25,1.554,0.167,40.5
2026-04-12 11:52:59,32.0,36.25,1.564,0.185,40.2
2026-04-12 11:53:01,32.0,36.25,1.563,0.163,40.5
2026-04-12 11:53:03,32.0,36.25,1.553,0.155,40.2
2026-04-12 11:53:05,32.0,36.25,1.535,0.159,40.5
2026-04-12 11:53:07,32.0,36.25,1.532,0.171,40.2
2026-04-12 11:53:09,32.0,36.25,1.547,0.145,40.5
2026-04-12 11:53:11,32.0,36.25,1.561,0.156,40.5
2026-04-12 11:53:13,32.0,36.25,1.555,0.147,40.5
2026-04-12 11:53:15,32.0,36.25,1.539,0.178,40.2
2026-04-12 11:53:17,32.0,36.25,1.537,0.195,40.5
2026-04-12 11:53:19,32.0,36.25,1.563,0.131,40.5
2026-04-12 11:53:21,32.0,36.25,1.567,0.132,40.2
2026-04-12 11:53:23,32.0,36.25,1.536,0.163,40.5
2026-04-12 11:53:25,32.0,36.25,1.556,0.153,40.2
2026-04-12 11:53:27,32.0,36.25,1.553,0.176,40.5
2026-04-12 11:53:29,32.0,36.25,1.539,0.137,40.2
2026-04-12 11:53:31,32.0,36.25,1.573,0.14,40.2
2026-04-12 11:53:33,32.0,36.25,1.536,0.18,40.2
2026-04-12 11:53:35,32.0,36.25,1.563,0.141,40.2
2026-04-12 11:53:37,32.0,36.25,1.556,0.165,40.2
2026-04-12 11:53:39,32.0,36.25,1.539,0.141,40.5
2026-04-12 11:53:41,32.0,36.25,1.563,0.173,40.2
2026-04-12 11:53:43,32.0,36.25,1.559,0.148,40.5
2026-04-12 11:53:45,32.0,36.25,1.534,0.15,40.2
2026-04-12 11:53:47,32.0,36.5,1.558,0.161,40.5
2026-04-12 11:53:49,32.0,36.5,1.551,0.196,40.2
2026-04-12 11:53:51,32.0,36.5,1.533,0.15,40.2
2026-04-12 11:53:53,32.0,36.5,1.565,0.198,40.2
2026-04-12 11:53:55,32.0,36.5,1.547,0.188,40.2
2026-04-12 11:53:57,32.0,36.5,1.545,0.163,40.2
2026-04-12 11:53:59,32.0,36.5,1.568,0.139,40.2
2026-04-12 11:54:01,32.0,36.5,1.547,0.145,40.2
2026-04-12 11:54:03,32.0,36.5,1.54,0.16,40.2
2026-04-12 11:54:05,32.0,36.5,1.567,0.146,40.2
2026-04-12 11:54:07,32.0,36.5,1.543,0.185,40.5
2026-04-12 11:54:09,32.0,36.5,1.541,0.16,40.5
2026-04-12 11:54:11,32.0,36.5,1.566,0.156,40.5
2026-04-12 11:54:13,32.0,36.5,1.543,0.167,40.2
2026-04-12 11:54:15,32.0,36.5,1.538,0.162,40.5
2026-04-12 11:54:17,32.0,36.5,1.567,0.148,40.2
2026-04-12 11:54:19,32.0,36.5,1.556,0.15,40.2
2026-04-12 11:54:21,32.0,36.5,1.514,0.17,40.2
2026-04-12 11:54:23,32.0,36.5,1.534,0.202,40.5
2026-04-12 11:54:25,32.0,36.5,1.559,0.171,40.5
2026-04-12 11:54:27,32.0,36.25,1.551,0.154,40.2
2026-04-12 11:54:29,32.0,36.25,1.536,0.166,40.2
2026-04-12 11:54:31,32.0,36.25,1.529,0.162,40.5
2026-04-12 11:54:33,32.0,36.5,1.551,0.154,40.2
2026-04-12 11:54:35,32.0,36.25,1.559,0.169,40.2
2026-04-12 11:54:37,32.0,36.5,1.547,0.165,40.5
2026-04-12 11:54:39,32.0,36.5,1.529,0.185,40.2
2026-04-12 11:54:41,32.0,36.25,1.529,0.17,33.0
2026-04-12 11:54:43,32.0,36.25,1.535,0.181,40.2
2026-04-12 11:54:45,32.0,36.5,1.547,0.167,40.5
2026-04-12 11:54:47,32.0,36.25,1.556,0.15,40.2
2026-04-12 11:54:49,32.0,36.5,1.559,0.204,40.2
2026-04-12 11:54:51,32.0,36.5,1.555,0.154,40.2
2026-04-12 11:54:53,32.0,36.5,1.559,0.156,40.2
2026-04-12 11:54:55,32.0,36.5,1.556,0.133,40.5
2026-04-12 11:54:57,32.0,36.5,1.557,0.164,40.2
2026-04-12 11:54:59,32.0,36.5,1.556,0.152,40.5
2026-04-12 11:55:01,32.0,36.5,1.55,0.189,40.2
2026-04-12 11:55:03,32.0,36.5,1.547,0.125,40.5
2026-04-12 11:55:05,32.0,36.5,1.55,0.148,33.3
2026-04-12 11:55:07,32.0,36.5,1.543,0.154,40.2
2026-04-12 11:55:09,32.0,36.5,1.538,0.164,40.2
2026-04-12 11:55:11,32.0,36.5,1.534,0.214,40.5
2026-04-12 11:55:13,32.0,36.5,1.537,0.136,40.5
2026-04-12 11:55:15,32.0,36.5,1.533,0.205,40.2
2026-04-12 11:55:17,32.0,36.5,1.53,0.141,40.2
2026-04-12 11:55:19,32.0,36.5,1.539,0.139,40.5
2026-04-12 11:55:21,32.0,36.5,1.544,0.128,40.2
2026-04-12 11:55:23,32.0,36.5,1.555,0.128,40.2
2026-04-12 11:55:25,32.0,36.5,1.563,0.178,40.2
2026-04-12 11:55:27,32.0,36.5,1.549,0.185,40.2
2026-04-12 11:55:29,32.0,36.5,1.534,0.215,40.2
2026-04-12 11:55:31,32.0,36.5,1.524,0.16,40.5
2026-04-12 11:55:33,32.0,36.5,1.536,0.176,40.2
2026-04-12 11:55:35,32.0,36.5,1.55,0.17,40.2
2026-04-12 11:55:36,32.0,36.5,1.545,0.174,40.2
2026-04-12 11:55:39,32.0,36.5,1.532,0.133,40.5
2026-04-12 11:55:41,32.0,36.5,1.537,0.185,40.5
2026-04-12 11:55:43,32.0,36.5,1.555,0.133,40.5
2026-04-12 11:55:45,32.0,36.5,1.538,0.157,40.2
2026-04-12 11:55:47,32.0,36.5,1.526,0.205,40.2
2026-04-12 11:55:49,32.0,36.5,1.553,0.124,40.5
2026-04-12 11:55:51,32.0,36.5,1.531,0.193,40.2
2026-04-12 11:55:53,32.0,36.5,1.527,0.139,40.2
2026-04-12 11:55:55,32.0,36.5,1.553,0.114,40.5
2026-04-12 11:55:57,32.0,36.5,1.52,0.146,40.5
2026-04-12 11:55:59,32.0,36.5,1.548,0.164,40.2
2026-04-12 11:56:01,32.0,36.5,1.538,0.149,40.2
2026-04-12 11:56:03,32.0,36.5,1.528,0.169,40.2
2026-04-12 11:56:04,32.0,36.5,1.55,0.179,40.2
2026-04-12 11:56:07,32.0,36.5,1.535,0.161,40.5
2026-04-12 11:56:09,32.0,36.5,1.522,0.165,40.5
2026-04-12 11:56:11,32.0,36.5,1.55,0.162,40.2
2026-04-12 11:56:13,32.0,36.5,1.537,0.17,40.5
2026-04-12 11:56:15,32.0,36.5,1.519,0.146,40.2
2026-04-12 11:56:17,32.0,36.5,1.544,0.162,40.5
2026-04-12 11:56:19,32.0,36.75,1.553,0.138,40.2
2026-04-12 11:56:21,32.0,36.75,1.524,0.154,40.2
2026-04-12 11:56:23,32.0,36.75,1.536,0.17,40.5
2026-04-12 11:56:25,32.0,36.75,1.555,0.135,40.5
2026-04-12 11:56:26,32.0,36.75,1.535,0.14,40.5
2026-04-12 11:56:29,32.0,36.75,1.522,0.162,40.2
2026-04-12 11:56:31,32.0,36.75,1.544,0.126,40.5
2026-04-12 11:56:33,32.0,36.75,1.544,0.152,40.2
2026-04-12 11:56:35,32.0,36.75,1.519,0.192,40.5
2026-04-12 11:56:37,32.0,36.75,1.532,0.183,40.2
2026-04-12 11:56:39,32.0,36.75,1.552,0.154,40.5
2026-04-12 11:56:41,32.0,36.75,1.539,0.192,40.2
2026-04-12 11:56:43,32.0,36.75,1.523,0.153,40.2
2026-04-12 11:56:51,32.0,36.75,1.538,0.124,40.2
2026-04-12 11:56:53,32.0,36.75,1.554,0.146,40.5
2026-04-12 11:56:55,32.0,36.75,1.53,0.174,40.2
2026-04-12 11:56:57,32.0,36.75,1.529,0.177,40.5
2026-04-12 11:56:59,32.0,36.75,1.553,0.148,40.5
2026-04-12 11:57:01,32.0,36.75,1.545,0.142,40.2
2026-04-12 11:57:03,32.0,36.75,1.523,0.171,40.2
2026-04-12 11:57:05,32.0,36.75,1.546,0.201,40.5
2026-04-12 11:57:07,32.0,36.75,1.558,0.174,40.2
2026-04-12 11:57:09,32.0,36.75,1.544,0.147,40.2
2026-04-12 11:57:11,32.0,36.75,1.525,0.166,40.2
2026-04-12 11:57:13,32.0,36.75,1.534,0.141,40.5
2026-04-12 11:57:15,32.0,36.75,1.552,0.211,41.4
2026-04-14 11:44:18,28.0,32.25,1.977,0.201,41.4
2026-04-14 11:44:20,28.0,32.25,0.0,0.071,41.4
2026-04-14 11:44:22,28.0,32.25,0.0,0.059,41.4
2026-04-14 11:44:24,28.0,32.25,0.0,0.063,41.4
2026-04-14 11:44:26,28.0,32.25,0.0,0.062,41.4
2026-04-14 11:44:28,28.0,32.25,0.0,0.055,41.4
2026-04-14 11:44:30,28.0,32.25,0.0,0.045,41.1
2026-04-14 11:44:32,28.0,32.25,0.0,0.051,33.3
2026-04-14 11:44:34,28.0,32.25,0.0,0.053,41.4
2026-04-14 11:44:36,28.0,32.25,0.0,0.036,41.4
2026-04-14 11:44:38,28.0,32.25,0.0,0.067,41.4
2026-04-14 11:44:40,28.0,32.25,0.0,0.062,41.4
2026-04-14 11:44:42,28.0,32.25,0.0,0.064,26.5
2026-04-14 11:44:44,28.0,32.25,0.0,0.064,41.4
2026-04-14 11:44:46,28.0,32.25,0.0,0.08,41.4
2026-04-14 11:44:48,28.0,32.25,0.0,0.066,41.4
2026-04-14 11:44:50,28.0,32.25,0.0,0.077,41.4
2026-04-14 11:44:52,28.0,32.25,0.0,0.099,41.4
2026-04-14 11:44:54,28.0,32.25,0.0,0.06,41.4
2026-04-14 11:44:56,28.0,32.25,0.0,0.072,41.4
2026-04-14 11:44:58,28.0,32.25,0.0,0.067,41.4
2026-04-14 11:45:00,28.0,32.25,0.0,0.067,41.1
2026-04-14 11:45:02,28.0,32.25,0.0,0.051,41.4
2026-04-14 11:45:04,28.0,32.25,0.0,0.092,41.4
2026-04-14 11:45:06,28.0,32.25,0.0,0.064,33.3
2026-04-14 11:45:08,28.0,32.25,0.0,0.07,41.1
2026-04-14 11:45:10,28.0,32.25,0.0,0.211,50.2
2026-04-14 11:45:12,28.0,32.25,0.0,0.15,22.5
2026-04-14 11:45:14,28.0,32.25,0.0,0.139,41.4
2026-04-14 11:45:16,28.0,32.25,0.0,0.417,43.4
2026-04-14 11:45:18,28.0,32.25,0.0,0.177,26.5
2026-04-14 11:45:20,28.0,32.25,0.0,0.237,44.2
2026-04-14 11:45:22,27.75,32.25,0.0,0.106,36.5
2026-04-14 11:45:24,27.75,32.25,0.0,0.216,45.1
2026-04-14 11:45:26,27.75,32.25,0.0,0.115,44.2
2026-04-14 11:45:28,27.75,32.25,0.0,0.218,22.5
2026-04-14 11:45:30,27.75,32.0,0.0,0.197,30.5
2026-04-14 11:45:32,27.75,32.25,0.0,0.469,55.1
2026-04-14 11:45:34,27.75,32.25,0.0,0.673,43.4
2026-04-14 11:45:36,27.75,32.25,0.0,0.283,49.4
2026-04-14 11:45:38,27.75,32.25,0.0,0.094,42.2
2026-04-14 11:45:40,27.75,32.25,0.0,0.077,42.2
2026-04-14 11:45:42,27.75,32.25,0.0,0.115,42.2
2026-04-14 11:45:44,27.75,32.25,0.0,0.319,42.2
2026-04-14 11:45:46,27.75,32.25,0.0,1.143,42.2
2026-04-14 11:45:48,27.75,32.25,0.0,0.875,43.4
2026-04-14 11:45:50,27.75,32.25,0.0,0.412,50.2
2026-04-14 11:45:52,27.75,32.5,0.0,0.234,43.4
2026-04-14 11:45:54,27.75,32.5,0.0,0.122,50.2
2026-04-14 11:45:56,27.75,32.5,0.0,3.245,41.4
2026-04-14 11:45:58,27.75,32.5,0.0,0.209,50.2
2026-04-14 11:46:00,27.75,32.5,0.0,0.101,50.2
2026-04-14 11:46:02,27.75,32.5,0.0,0.111,50.2
2026-04-14 11:46:04,27.75,32.5,0.0,0.098,50.2
2026-04-14 11:46:06,27.75,32.5,0.0,0.107,50.2
2026-04-14 11:46:08,27.75,32.5,0.0,0.119,50.2
2026-04-14 11:46:10,27.75,32.5,0.0,0.114,50.2
2026-04-14 11:46:12,27.75,32.5,0.0,0.117,50.2
